"trp_id";"month";"day_name";"daily_traffic";"included_days";"possible_days";"day_number_of_week"
"00737V704646";1;"FRIDAY";786;5;5;5
"00737V704646";1;"MONDAY";449;4;4;1
"00737V704646";1;"SATURDAY";824;4;4;6
"00737V704646";1;"SUNDAY";962;4;4;7
"00737V704646";1;"THURSDAY";778;5;5;4
"00737V704646";1;"TUESDAY";432;4;4;2
"00737V704646";1;"WEDNESDAY";457;5;5;3
"00737V704646";2;"FRIDAY";1000;4;4;5
"00737V704646";2;"MONDAY";580;4;4;1
"00737V704646";2;"SATURDAY";1105;5;5;6
"00737V704646";2;"SUNDAY";1122;4;4;7
"00737V704646";2;"THURSDAY";848;4;4;4
"00737V704646";2;"TUESDAY";572;4;4;2
"00737V704646";2;"WEDNESDAY";723;4;4;3
"00737V704646";3;"FRIDAY";588;4;4;5
"00737V704646";3;"MONDAY";267;5;5;1
"00737V704646";3;"SATURDAY";576;4;4;6
"00737V704646";3;"SUNDAY";600;5;5;7
"00737V704646";3;"THURSDAY";556;4;4;4
"00737V704646";3;"TUESDAY";263;5;5;2
"00737V704646";3;"WEDNESDAY";324;4;4;3
"00737V704646";4;"FRIDAY";68;4;4;5
"00737V704646";4;"MONDAY";74;4;4;1
"00737V704646";4;"SATURDAY";52;4;4;6
"00737V704646";4;"SUNDAY";48;4;4;7
"00737V704646";4;"THURSDAY";78;5;5;4
"00737V704646";4;"TUESDAY";82;4;4;2
"00737V704646";4;"WEDNESDAY";79;5;5;3
"00737V704646";5;"FRIDAY";85;5;5;5
"00737V704646";5;"MONDAY";84;4;4;1
"00737V704646";5;"SATURDAY";68;5;5;6
"00737V704646";5;"SUNDAY";55;5;5;7
"00737V704646";5;"THURSDAY";92;4;4;4
"00737V704646";5;"TUESDAY";86;4;4;2
"00737V704646";5;"WEDNESDAY";86;4;4;3
"00737V704646";6;"FRIDAY";101;4;4;5
"00737V704646";6;"MONDAY";107;5;5;1
"00737V704646";6;"SATURDAY";69;4;4;6
"00737V704646";6;"SUNDAY";83;4;4;7
"00737V704646";6;"THURSDAY";122;4;4;4
"00737V704646";6;"TUESDAY";96;5;5;2
"00737V704646";6;"WEDNESDAY";94;4;4;3
"00737V704646";7;"FRIDAY";355;5;5;5
"00737V704646";7;"MONDAY";310;4;4;1
"00737V704646";7;"SATURDAY";392;4;4;6
"00737V704646";7;"SUNDAY";370;4;4;7
"00737V704646";7;"THURSDAY";363;5;5;4
"00737V704646";7;"TUESDAY";553;3;4;2
"00737V704646";7;"WEDNESDAY";347;5;5;3
"00737V704646";8;"FRIDAY";694;4;4;5
"00737V704646";8;"MONDAY";342;5;5;1
"00737V704646";8;"SATURDAY";356;5;5;6
"00737V704646";8;"SUNDAY";346;5;5;7
"00737V704646";8;"THURSDAY";620;4;4;4
"00737V704646";8;"TUESDAY";478;4;4;2
"00737V704646";8;"WEDNESDAY";638;4;4;3
"00737V704646";9;"FRIDAY";622;4;4;5
"00737V704646";9;"MONDAY";432;4;4;1
"00737V704646";9;"SATURDAY";718;4;4;6
"00737V704646";9;"SUNDAY";529;4;4;7
"00737V704646";9;"THURSDAY";522;4;4;4
"00737V704646";9;"TUESDAY";466;5;5;2
"00737V704646";9;"WEDNESDAY";527;5;5;3
"00737V704646";10;"FRIDAY";530;5;5;5
"00737V704646";10;"MONDAY";180;4;4;1
"00737V704646";10;"SATURDAY";190;5;5;6
"00737V704646";10;"SUNDAY";190;4;4;7
"00737V704646";10;"THURSDAY";438;5;5;4
"00737V704646";10;"TUESDAY";235;4;4;2
"00737V704646";10;"WEDNESDAY";281;4;4;3
"00737V704646";11;"FRIDAY";74;4;4;5
"00737V704646";11;"MONDAY";74;5;5;1
"00737V704646";11;"SATURDAY";50;4;4;6
"00737V704646";11;"SUNDAY";70;5;5;7
"00737V704646";11;"THURSDAY";92;4;4;4
"00737V704646";11;"TUESDAY";74;4;4;2
"00737V704646";11;"WEDNESDAY";72;4;4;3
"00737V704646";12;"FRIDAY";74;4;4;5
"00737V704646";12;"MONDAY";83;4;4;1
"00737V704646";12;"SATURDAY";57;4;4;6
"00737V704646";12;"SUNDAY";74;4;4;7
"00737V704646";12;"THURSDAY";70;5;5;4
"00737V704646";12;"TUESDAY";77;5;5;2
"00737V704646";12;"WEDNESDAY";85;5;5;3
"01777V885181";1;"FRIDAY";518;5;5;5
"01777V885181";1;"MONDAY";392;4;4;1
"01777V885181";1;"SATURDAY";692;4;4;6
"01777V885181";1;"SUNDAY";721;4;4;7
"01777V885181";1;"THURSDAY";272;5;5;4
"01777V885181";1;"TUESDAY";179;4;4;2
"01777V885181";1;"WEDNESDAY";282;5;5;3
"01777V885181";2;"FRIDAY";758;4;4;5
"01777V885181";2;"MONDAY";366;4;4;1
"01777V885181";2;"SATURDAY";671;5;5;6
"01777V885181";2;"SUNDAY";494;4;4;7
"01777V885181";2;"THURSDAY";595;4;4;4
"01777V885181";2;"TUESDAY";499;4;4;2
"01777V885181";2;"WEDNESDAY";514;4;4;3
"01777V885181";3;"FRIDAY";506;4;4;5
"01777V885181";3;"MONDAY";350;5;5;1
"01777V885181";3;"SATURDAY";557;4;4;6
"01777V885181";3;"SUNDAY";611;5;5;7
"01777V885181";3;"THURSDAY";491;4;4;4
"01777V885181";3;"TUESDAY";402;5;5;2
"01777V885181";3;"WEDNESDAY";405;4;4;3
"01777V885181";4;"FRIDAY";148;4;4;5
"01777V885181";4;"MONDAY";158;4;4;1
"01777V885181";4;"SATURDAY";120;4;4;6
"01777V885181";4;"SUNDAY";146;4;4;7
"01777V885181";4;"THURSDAY";183;5;5;4
"01777V885181";4;"TUESDAY";198;4;4;2
"01777V885181";4;"WEDNESDAY";199;5;5;3
"01777V885181";5;"FRIDAY";153;4;5;5
"01777V885181";5;"MONDAY";192;4;4;1
"01777V885181";5;"SATURDAY";131;4;5;6
"01777V885181";5;"SUNDAY";154;4;5;7
"01777V885181";5;"THURSDAY";136;4;4;4
"01777V885181";5;"TUESDAY";155;4;4;2
"01777V885181";5;"WEDNESDAY";180;4;4;3
"01777V885181";6;"FRIDAY";198;4;4;5
"01777V885181";6;"MONDAY";216;4;5;1
"01777V885181";6;"SATURDAY";133;4;4;6
"01777V885181";6;"SUNDAY";190;4;4;7
"01777V885181";6;"THURSDAY";202;4;4;4
"01777V885181";6;"TUESDAY";205;4;5;2
"01777V885181";6;"WEDNESDAY";212;3;4;3
"01777V885181";7;"FRIDAY";276;3;5;5
"01777V885181";7;"MONDAY";285;3;4;1
"01777V885181";7;"SATURDAY";242;3;4;6
"01777V885181";7;"SUNDAY";239;3;4;7
"01777V885181";7;"THURSDAY";262;4;5;4
"01777V885181";7;"TUESDAY";268;3;4;2
"01777V885181";7;"WEDNESDAY";252;4;5;3
"01777V885181";8;"FRIDAY";417;4;4;5
"01777V885181";8;"MONDAY";330;3;5;1
"01777V885181";8;"SATURDAY";534;4;5;6
"01777V885181";8;"SUNDAY";407;3;5;7
"01777V885181";8;"THURSDAY";262;3;4;4
"01777V885181";8;"TUESDAY";226;2;4;2
"01777V885181";8;"WEDNESDAY";242;3;4;3
"01777V885181";9;"FRIDAY";724;3;4;5
"01777V885181";9;"MONDAY";462;3;4;1
"01777V885181";9;"SATURDAY";802;3;4;6
"01777V885181";9;"SUNDAY";731;3;4;7
"01777V885181";9;"THURSDAY";637;3;4;4
"01777V885181";9;"TUESDAY";516;4;5;2
"01777V885181";9;"WEDNESDAY";584;4;5;3
"01777V885181";10;"FRIDAY";571;5;5;5
"01777V885181";10;"MONDAY";251;4;4;1
"01777V885181";10;"SATURDAY";254;5;5;6
"01777V885181";10;"SUNDAY";318;4;4;7
"01777V885181";10;"THURSDAY";425;5;5;4
"01777V885181";10;"TUESDAY";245;4;4;2
"01777V885181";10;"WEDNESDAY";318;4;4;3
"01777V885181";11;"FRIDAY";128;4;4;5
"01777V885181";11;"MONDAY";148;5;5;1
"01777V885181";11;"SATURDAY";82;4;4;6
"01777V885181";11;"SUNDAY";111;5;5;7
"01777V885181";11;"THURSDAY";152;4;4;4
"01777V885181";11;"TUESDAY";155;4;4;2
"01777V885181";11;"WEDNESDAY";138;4;4;3
"01777V885181";12;"FRIDAY";84;4;4;5
"01777V885181";12;"MONDAY";143;4;4;1
"01777V885181";12;"SATURDAY";66;4;4;6
"01777V885181";12;"SUNDAY";116;4;4;7
"01777V885181";12;"THURSDAY";109;5;5;4
"01777V885181";12;"TUESDAY";138;5;5;2
"01777V885181";12;"WEDNESDAY";126;5;5;3
"02535V971411";1;"FRIDAY";162;5;5;5
"02535V971411";1;"MONDAY";140;4;4;1
"02535V971411";1;"SATURDAY";170;4;4;6
"02535V971411";1;"SUNDAY";172;4;4;7
"02535V971411";1;"THURSDAY";144;5;5;4
"02535V971411";1;"TUESDAY";128;4;4;2
"02535V971411";1;"WEDNESDAY";132;5;5;3
"02535V971411";2;"FRIDAY";176;4;4;5
"02535V971411";2;"MONDAY";146;4;4;1
"02535V971411";2;"SATURDAY";169;5;5;6
"02535V971411";2;"SUNDAY";169;4;4;7
"02535V971411";2;"THURSDAY";146;4;4;4
"02535V971411";2;"TUESDAY";143;4;4;2
"02535V971411";2;"WEDNESDAY";155;4;4;3
"02535V971411";3;"FRIDAY";139;4;4;5
"02535V971411";3;"MONDAY";126;5;5;1
"02535V971411";3;"SATURDAY";156;4;4;6
"02535V971411";3;"SUNDAY";138;5;5;7
"02535V971411";3;"THURSDAY";123;4;4;4
"02535V971411";3;"TUESDAY";107;5;5;2
"02535V971411";3;"WEDNESDAY";124;4;4;3
"02535V971411";4;"FRIDAY";100;4;4;5
"02535V971411";4;"MONDAY";98;4;4;1
"02535V971411";4;"SATURDAY";88;4;4;6
"02535V971411";4;"SUNDAY";94;4;4;7
"02535V971411";4;"THURSDAY";97;5;5;4
"02535V971411";4;"TUESDAY";96;4;4;2
"02535V971411";4;"WEDNESDAY";99;5;5;3
"02535V971411";5;"FRIDAY";110;5;5;5
"02535V971411";5;"MONDAY";111;4;4;1
"02535V971411";5;"SATURDAY";105;5;5;6
"02535V971411";5;"SUNDAY";106;5;5;7
"02535V971411";5;"THURSDAY";122;4;4;4
"02535V971411";5;"TUESDAY";109;4;4;2
"02535V971411";5;"WEDNESDAY";127;4;4;3
"02535V971411";6;"FRIDAY";137;4;4;5
"02535V971411";6;"MONDAY";130;5;5;1
"02535V971411";6;"SATURDAY";113;4;4;6
"02535V971411";6;"SUNDAY";122;4;4;7
"02535V971411";6;"THURSDAY";137;4;4;4
"02535V971411";6;"TUESDAY";127;5;5;2
"02535V971411";6;"WEDNESDAY";133;4;4;3
"02535V971411";7;"FRIDAY";169;5;5;5
"02535V971411";7;"MONDAY";155;4;4;1
"02535V971411";7;"SATURDAY";164;4;4;6
"02535V971411";7;"SUNDAY";138;4;4;7
"02535V971411";7;"THURSDAY";172;5;5;4
"02535V971411";7;"TUESDAY";161;4;4;2
"02535V971411";7;"WEDNESDAY";158;5;5;3
"02535V971411";8;"FRIDAY";179;4;4;5
"02535V971411";8;"MONDAY";167;5;5;1
"02535V971411";8;"SATURDAY";163;5;5;6
"02535V971411";8;"SUNDAY";173;5;5;7
"02535V971411";8;"THURSDAY";153;4;4;4
"02535V971411";8;"TUESDAY";166;4;4;2
"02535V971411";8;"WEDNESDAY";148;4;4;3
"02535V971411";9;"FRIDAY";144;4;4;5
"02535V971411";9;"MONDAY";115;4;4;1
"02535V971411";9;"SATURDAY";136;4;4;6
"02535V971411";9;"SUNDAY";118;4;4;7
"02535V971411";9;"THURSDAY";120;4;4;4
"02535V971411";9;"TUESDAY";136;5;5;2
"02535V971411";9;"WEDNESDAY";130;5;5;3
"02535V971411";10;"FRIDAY";140;5;5;5
"02535V971411";10;"MONDAY";130;4;4;1
"02535V971411";10;"SATURDAY";134;5;5;6
"02535V971411";10;"SUNDAY";133;4;4;7
"02535V971411";10;"THURSDAY";125;5;5;4
"02535V971411";10;"TUESDAY";122;4;4;2
"02535V971411";10;"WEDNESDAY";124;4;4;3
"02535V971411";11;"FRIDAY";109;4;4;5
"02535V971411";11;"MONDAY";113;5;5;1
"02535V971411";11;"SATURDAY";100;4;4;6
"02535V971411";11;"SUNDAY";114;5;5;7
"02535V971411";11;"THURSDAY";108;4;4;4
"02535V971411";11;"TUESDAY";106;4;4;2
"02535V971411";11;"WEDNESDAY";112;4;4;3
"02535V971411";12;"FRIDAY";95;4;4;5
"02535V971411";12;"MONDAY";108;4;4;1
"02535V971411";12;"SATURDAY";90;4;4;6
"02535V971411";12;"SUNDAY";86;4;4;7
"02535V971411";12;"THURSDAY";99;5;5;4
"02535V971411";12;"TUESDAY";117;5;5;2
"02535V971411";12;"WEDNESDAY";111;5;5;3
"04904V971774";1;"FRIDAY";14061;5;5;5
"04904V971774";1;"MONDAY";10140;4;4;1
"04904V971774";1;"SATURDAY";15044;4;4;6
"04904V971774";1;"SUNDAY";13814;4;4;7
"04904V971774";1;"THURSDAY";12513;5;5;4
"04904V971774";1;"TUESDAY";10476;4;4;2
"04904V971774";1;"WEDNESDAY";10267;5;5;3
"04904V971774";2;"FRIDAY";16856;4;4;5
"04904V971774";2;"MONDAY";11314;4;4;1
"04904V971774";2;"SATURDAY";17997;5;5;6
"04904V971774";2;"SUNDAY";15852;4;4;7
"04904V971774";2;"THURSDAY";14282;4;4;4
"04904V971774";2;"TUESDAY";10804;4;4;2
"04904V971774";2;"WEDNESDAY";13255;4;4;3
"04904V971774";3;"FRIDAY";9420;4;4;5
"04904V971774";3;"MONDAY";7402;5;5;1
"04904V971774";3;"SATURDAY";7458;4;4;6
"04904V971774";3;"SUNDAY";8172;5;5;7
"04904V971774";3;"THURSDAY";10514;4;4;4
"04904V971774";3;"TUESDAY";6975;5;5;2
"04904V971774";3;"WEDNESDAY";8169;4;4;3
"04904V971774";4;"FRIDAY";3406;4;4;5
"04904V971774";4;"MONDAY";3967;4;4;1
"04904V971774";4;"SATURDAY";1582;4;4;6
"04904V971774";4;"SUNDAY";1976;4;4;7
"04904V971774";4;"THURSDAY";4407;5;5;4
"04904V971774";4;"TUESDAY";4720;4;4;2
"04904V971774";4;"WEDNESDAY";4555;5;5;3
"04904V971774";5;"FRIDAY";4199;5;5;5
"04904V971774";5;"MONDAY";5119;4;4;1
"04904V971774";5;"SATURDAY";2205;5;5;6
"04904V971774";5;"SUNDAY";2702;5;5;7
"04904V971774";5;"THURSDAY";5168;4;4;4
"04904V971774";5;"TUESDAY";5270;4;4;2
"04904V971774";5;"WEDNESDAY";5658;4;4;3
"04904V971774";6;"FRIDAY";5608;4;4;5
"04904V971774";6;"MONDAY";5614;5;5;1
"04904V971774";6;"SATURDAY";3276;4;4;6
"04904V971774";6;"SUNDAY";3798;4;4;7
"04904V971774";6;"THURSDAY";6657;4;4;4
"04904V971774";6;"TUESDAY";5978;5;5;2
"04904V971774";6;"WEDNESDAY";6201;4;4;3
"04904V971774";7;"FRIDAY";6551;5;5;5
"04904V971774";7;"MONDAY";6199;4;4;1
"04904V971774";7;"SATURDAY";5187;4;4;6
"04904V971774";7;"SUNDAY";5267;4;4;7
"04904V971774";7;"THURSDAY";6665;5;5;4
"04904V971774";7;"TUESDAY";5832;4;4;2
"04904V971774";7;"WEDNESDAY";6208;5;5;3
"04904V971774";8;"FRIDAY";6384;4;4;5
"04904V971774";8;"MONDAY";5883;5;5;1
"04904V971774";8;"SATURDAY";3918;5;5;6
"04904V971774";8;"SUNDAY";4690;5;5;7
"04904V971774";8;"THURSDAY";6403;4;4;4
"04904V971774";8;"TUESDAY";5872;4;4;2
"04904V971774";8;"WEDNESDAY";6105;4;4;3
"04904V971774";9;"FRIDAY";5768;4;4;5
"04904V971774";9;"MONDAY";5565;4;4;1
"04904V971774";9;"SATURDAY";3061;4;4;6
"04904V971774";9;"SUNDAY";3780;4;4;7
"04904V971774";9;"THURSDAY";6117;4;4;4
"04904V971774";9;"TUESDAY";5609;5;5;2
"04904V971774";9;"WEDNESDAY";5783;5;5;3
"04904V971774";10;"FRIDAY";5714;5;5;5
"04904V971774";10;"MONDAY";5406;4;4;1
"04904V971774";10;"SATURDAY";2965;5;5;6
"04904V971774";10;"SUNDAY";3698;4;4;7
"04904V971774";10;"THURSDAY";6018;5;5;4
"04904V971774";10;"TUESDAY";5418;4;4;2
"04904V971774";10;"WEDNESDAY";5593;4;4;3
"04904V971774";11;"FRIDAY";4616;4;4;5
"04904V971774";11;"MONDAY";4791;5;5;1
"04904V971774";11;"SATURDAY";2323;4;4;6
"04904V971774";11;"SUNDAY";3062;5;5;7
"04904V971774";11;"THURSDAY";5341;4;4;4
"04904V971774";11;"TUESDAY";4986;4;4;2
"04904V971774";11;"WEDNESDAY";5041;4;4;3
"04904V971774";12;"FRIDAY";4114;4;4;5
"04904V971774";12;"MONDAY";4373;4;4;1
"04904V971774";12;"SATURDAY";2667;4;4;6
"04904V971774";12;"SUNDAY";2856;4;4;7
"04904V971774";12;"THURSDAY";3870;5;5;4
"04904V971774";12;"TUESDAY";4489;5;5;2
"04904V971774";12;"WEDNESDAY";4461;5;5;3
"05732V971567";1;"FRIDAY";232;5;5;5
"05732V971567";1;"MONDAY";208;4;4;1
"05732V971567";1;"SATURDAY";192;4;4;6
"05732V971567";1;"SUNDAY";177;4;4;7
"05732V971567";1;"THURSDAY";213;5;5;4
"05732V971567";1;"TUESDAY";195;4;4;2
"05732V971567";1;"WEDNESDAY";189;5;5;3
"05732V971567";2;"FRIDAY";244;4;4;5
"05732V971567";2;"MONDAY";198;4;4;1
"05732V971567";2;"SATURDAY";220;5;5;6
"05732V971567";2;"SUNDAY";209;4;4;7
"05732V971567";2;"THURSDAY";214;4;4;4
"05732V971567";2;"TUESDAY";196;4;4;2
"05732V971567";2;"WEDNESDAY";216;4;4;3
"05732V971567";3;"FRIDAY";162;4;4;5
"05732V971567";3;"MONDAY";155;5;5;1
"05732V971567";3;"SATURDAY";122;4;4;6
"05732V971567";3;"SUNDAY";123;5;5;7
"05732V971567";3;"THURSDAY";169;4;4;4
"05732V971567";3;"TUESDAY";121;5;5;2
"05732V971567";3;"WEDNESDAY";140;4;4;3
"05732V971567";4;"FRIDAY";80;4;4;5
"05732V971567";4;"MONDAY";88;4;4;1
"05732V971567";4;"SATURDAY";40;4;4;6
"05732V971567";4;"SUNDAY";38;4;4;7
"05732V971567";4;"THURSDAY";84;5;5;4
"05732V971567";4;"TUESDAY";85;4;4;2
"05732V971567";4;"WEDNESDAY";94;5;5;3
"05732V971567";5;"FRIDAY";104;5;5;5
"05732V971567";5;"MONDAY";110;4;4;1
"05732V971567";5;"SATURDAY";59;5;5;6
"05732V971567";5;"SUNDAY";58;5;5;7
"05732V971567";5;"THURSDAY";108;4;4;4
"05732V971567";5;"TUESDAY";114;4;4;2
"05732V971567";5;"WEDNESDAY";120;4;4;3
"05732V971567";6;"FRIDAY";121;4;4;5
"05732V971567";6;"MONDAY";129;5;5;1
"05732V971567";6;"SATURDAY";61;4;4;6
"05732V971567";6;"SUNDAY";75;4;4;7
"05732V971567";6;"THURSDAY";148;4;4;4
"05732V971567";6;"TUESDAY";134;5;5;2
"05732V971567";6;"WEDNESDAY";133;4;4;3
"05732V971567";7;"FRIDAY";159;5;5;5
"05732V971567";7;"MONDAY";167;4;4;1
"05732V971567";7;"SATURDAY";148;4;4;6
"05732V971567";7;"SUNDAY";140;4;4;7
"05732V971567";7;"THURSDAY";160;5;5;4
"05732V971567";7;"TUESDAY";166;4;4;2
"05732V971567";7;"WEDNESDAY";157;5;5;3
"05732V971567";8;"FRIDAY";251;4;4;5
"05732V971567";8;"MONDAY";200;5;5;1
"05732V971567";8;"SATURDAY";147;5;5;6
"05732V971567";8;"SUNDAY";188;5;5;7
"05732V971567";8;"THURSDAY";252;4;4;4
"05732V971567";8;"TUESDAY";206;4;4;2
"05732V971567";8;"WEDNESDAY";219;4;4;3
"05732V971567";9;"FRIDAY";230;4;4;5
"05732V971567";9;"MONDAY";212;4;4;1
"05732V971567";9;"SATURDAY";239;4;4;6
"05732V971567";9;"SUNDAY";268;4;4;7
"05732V971567";9;"THURSDAY";210;4;4;4
"05732V971567";9;"TUESDAY";192;5;5;2
"05732V971567";9;"WEDNESDAY";198;5;5;3
"05732V971567";10;"FRIDAY";273;4;5;5
"05732V971567";10;"MONDAY";157;3;4;1
"05732V971567";10;"SATURDAY";108;4;5;6
"05732V971567";10;"SUNDAY";121;3;4;7
"05732V971567";10;"THURSDAY";194;5;5;4
"05732V971567";10;"TUESDAY";131;4;4;2
"05732V971567";10;"WEDNESDAY";146;4;4;3
"05732V971567";11;"FRIDAY";109;4;4;5
"05732V971567";11;"MONDAY";103;5;5;1
"05732V971567";11;"SATURDAY";60;4;4;6
"05732V971567";11;"SUNDAY";66;5;5;7
"05732V971567";11;"THURSDAY";126;4;4;4
"05732V971567";11;"TUESDAY";105;4;4;2
"05732V971567";11;"WEDNESDAY";106;4;4;3
"05732V971567";12;"FRIDAY";96;4;4;5
"05732V971567";12;"MONDAY";106;4;4;1
"05732V971567";12;"SATURDAY";58;4;4;6
"05732V971567";12;"SUNDAY";57;4;4;7
"05732V971567";12;"THURSDAY";79;5;5;4
"05732V971567";12;"TUESDAY";96;5;5;2
"05732V971567";12;"WEDNESDAY";95;5;5;3
"08581V885541";1;"FRIDAY";26;5;5;5
"08581V885541";1;"MONDAY";19;4;4;1
"08581V885541";1;"SATURDAY";22;4;4;6
"08581V885541";1;"SUNDAY";26;4;4;7
"08581V885541";1;"THURSDAY";20;5;5;4
"08581V885541";1;"TUESDAY";14;4;4;2
"08581V885541";1;"WEDNESDAY";19;5;5;3
"08581V885541";2;"FRIDAY";33;3;4;5
"08581V885541";2;"MONDAY";16;4;4;1
"08581V885541";2;"SATURDAY";23;4;5;6
"08581V885541";2;"SUNDAY";27;3;4;7
"08581V885541";2;"THURSDAY";23;3;4;4
"08581V885541";2;"TUESDAY";18;4;4;2
"08581V885541";2;"WEDNESDAY";20;3;4;3
"08581V885541";3;"FRIDAY";22;4;4;5
"08581V885541";3;"MONDAY";17;5;5;1
"08581V885541";3;"SATURDAY";23;4;4;6
"08581V885541";3;"SUNDAY";20;5;5;7
"08581V885541";3;"THURSDAY";24;4;4;4
"08581V885541";3;"TUESDAY";16;5;5;2
"08581V885541";3;"WEDNESDAY";14;4;4;3
"08581V885541";4;"FRIDAY";22;4;4;5
"08581V885541";4;"MONDAY";22;4;4;1
"08581V885541";4;"SATURDAY";21;4;4;6
"08581V885541";4;"SUNDAY";16;4;4;7
"08581V885541";4;"THURSDAY";21;5;5;4
"08581V885541";4;"TUESDAY";17;4;4;2
"08581V885541";4;"WEDNESDAY";17;5;5;3
"08581V885541";5;"FRIDAY";21;5;5;5
"08581V885541";5;"MONDAY";14;4;4;1
"08581V885541";5;"SATURDAY";28;5;5;6
"08581V885541";5;"SUNDAY";25;5;5;7
"08581V885541";5;"THURSDAY";19;4;4;4
"08581V885541";5;"TUESDAY";16;4;4;2
"08581V885541";5;"WEDNESDAY";16;4;4;3
"08581V885541";6;"FRIDAY";31;4;4;5
"08581V885541";6;"MONDAY";25;5;5;1
"08581V885541";6;"SATURDAY";36;4;4;6
"08581V885541";6;"SUNDAY";36;4;4;7
"08581V885541";6;"THURSDAY";26;4;4;4
"08581V885541";6;"TUESDAY";29;5;5;2
"08581V885541";6;"WEDNESDAY";26;4;4;3
"08581V885541";7;"FRIDAY";32;5;5;5
"08581V885541";7;"MONDAY";32;4;4;1
"08581V885541";7;"SATURDAY";30;4;4;6
"08581V885541";7;"SUNDAY";27;4;4;7
"08581V885541";7;"THURSDAY";30;5;5;4
"08581V885541";7;"TUESDAY";34;4;4;2
"08581V885541";7;"WEDNESDAY";30;5;5;3
"08581V885541";8;"FRIDAY";46;4;4;5
"08581V885541";8;"MONDAY";36;5;5;1
"08581V885541";8;"SATURDAY";43;5;5;6
"08581V885541";8;"SUNDAY";38;5;5;7
"08581V885541";8;"THURSDAY";38;4;4;4
"08581V885541";8;"TUESDAY";30;4;4;2
"08581V885541";8;"WEDNESDAY";37;4;4;3
"08581V885541";9;"FRIDAY";48;4;4;5
"08581V885541";9;"MONDAY";28;4;4;1
"08581V885541";9;"SATURDAY";36;4;4;6
"08581V885541";9;"SUNDAY";34;4;4;7
"08581V885541";9;"THURSDAY";38;4;4;4
"08581V885541";9;"TUESDAY";30;5;5;2
"08581V885541";9;"WEDNESDAY";31;5;5;3
"08581V885541";10;"FRIDAY";29;5;5;5
"08581V885541";10;"MONDAY";28;4;4;1
"08581V885541";10;"SATURDAY";31;5;5;6
"08581V885541";10;"SUNDAY";40;4;4;7
"08581V885541";10;"THURSDAY";29;5;5;4
"08581V885541";10;"TUESDAY";22;4;4;2
"08581V885541";10;"WEDNESDAY";26;4;4;3
"08581V885541";11;"FRIDAY";22;4;4;5
"08581V885541";11;"MONDAY";20;5;5;1
"08581V885541";11;"SATURDAY";16;4;4;6
"08581V885541";11;"SUNDAY";17;5;5;7
"08581V885541";11;"THURSDAY";15;4;4;4
"08581V885541";11;"TUESDAY";14;4;4;2
"08581V885541";11;"WEDNESDAY";14;4;4;3
"08581V885541";12;"FRIDAY";18;4;4;5
"08581V885541";12;"MONDAY";20;4;4;1
"08581V885541";12;"SATURDAY";11;4;4;6
"08581V885541";12;"SUNDAY";14;4;4;7
"08581V885541";12;"THURSDAY";17;5;5;4
"08581V885541";12;"TUESDAY";14;5;5;2
"08581V885541";12;"WEDNESDAY";22;4;5;3
"09269V971425";1;"FRIDAY";274;5;5;5
"09269V971425";1;"MONDAY";221;4;4;1
"09269V971425";1;"SATURDAY";188;4;4;6
"09269V971425";1;"SUNDAY";207;4;4;7
"09269V971425";1;"THURSDAY";253;5;5;4
"09269V971425";1;"TUESDAY";217;4;4;2
"09269V971425";1;"WEDNESDAY";223;5;5;3
"09269V971425";2;"FRIDAY";339;4;4;5
"09269V971425";2;"MONDAY";258;4;4;1
"09269V971425";2;"SATURDAY";205;5;5;6
"09269V971425";2;"SUNDAY";209;4;4;7
"09269V971425";2;"THURSDAY";279;4;4;4
"09269V971425";2;"TUESDAY";247;4;4;2
"09269V971425";2;"WEDNESDAY";271;4;4;3
"09269V971425";3;"FRIDAY";229;4;4;5
"09269V971425";3;"MONDAY";224;5;5;1
"09269V971425";3;"SATURDAY";150;4;4;6
"09269V971425";3;"SUNDAY";142;5;5;7
"09269V971425";3;"THURSDAY";221;4;4;4
"09269V971425";3;"TUESDAY";200;5;5;2
"09269V971425";3;"WEDNESDAY";226;4;4;3
"09269V971425";4;"FRIDAY";126;4;4;5
"09269V971425";4;"MONDAY";154;4;4;1
"09269V971425";4;"SATURDAY";78;4;4;6
"09269V971425";4;"SUNDAY";103;4;4;7
"09269V971425";4;"THURSDAY";168;5;5;4
"09269V971425";4;"TUESDAY";168;4;4;2
"09269V971425";4;"WEDNESDAY";157;5;5;3
"09269V971425";5;"FRIDAY";167;5;5;5
"09269V971425";5;"MONDAY";203;4;4;1
"09269V971425";5;"SATURDAY";107;5;5;6
"09269V971425";5;"SUNDAY";112;5;5;7
"09269V971425";5;"THURSDAY";200;4;4;4
"09269V971425";5;"TUESDAY";181;4;4;2
"09269V971425";5;"WEDNESDAY";196;4;4;3
"09269V971425";6;"FRIDAY";185;4;4;5
"09269V971425";6;"MONDAY";189;5;5;1
"09269V971425";6;"SATURDAY";109;4;4;6
"09269V971425";6;"SUNDAY";118;4;4;7
"09269V971425";6;"THURSDAY";202;4;4;4
"09269V971425";6;"TUESDAY";194;5;5;2
"09269V971425";6;"WEDNESDAY";209;4;4;3
"09269V971425";7;"FRIDAY";186;5;5;5
"09269V971425";7;"MONDAY";167;4;4;1
"09269V971425";7;"SATURDAY";126;4;4;6
"09269V971425";7;"SUNDAY";112;4;4;7
"09269V971425";7;"THURSDAY";174;5;5;4
"09269V971425";7;"TUESDAY";136;4;4;2
"09269V971425";7;"WEDNESDAY";160;5;5;3
"09269V971425";8;"FRIDAY";210;4;4;5
"09269V971425";8;"MONDAY";198;5;5;1
"09269V971425";8;"SATURDAY";141;5;5;6
"09269V971425";8;"SUNDAY";150;5;5;7
"09269V971425";8;"THURSDAY";213;4;4;4
"09269V971425";8;"TUESDAY";215;4;4;2
"09269V971425";8;"WEDNESDAY";215;4;4;3
"09269V971425";9;"FRIDAY";226;3;4;5
"09269V971425";9;"MONDAY";245;3;4;1
"09269V971425";9;"SATURDAY";152;3;4;6
"09269V971425";9;"SUNDAY";166;3;4;7
"09269V971425";9;"THURSDAY";224;3;4;4
"09269V971425";9;"TUESDAY";216;4;5;2
"09269V971425";9;"WEDNESDAY";210;5;5;3
"09269V971425";10;"FRIDAY";230;5;5;5
"09269V971425";10;"MONDAY";214;4;4;1
"09269V971425";10;"SATURDAY";150;5;5;6
"09269V971425";10;"SUNDAY";144;4;4;7
"09269V971425";10;"THURSDAY";226;5;5;4
"09269V971425";10;"TUESDAY";206;4;4;2
"09269V971425";10;"WEDNESDAY";201;4;4;3
"09269V971425";11;"FRIDAY";220;4;4;5
"09269V971425";11;"MONDAY";192;5;5;1
"09269V971425";11;"SATURDAY";101;4;4;6
"09269V971425";11;"SUNDAY";128;5;5;7
"09269V971425";11;"THURSDAY";221;4;4;4
"09269V971425";11;"TUESDAY";195;4;4;2
"09269V971425";11;"WEDNESDAY";218;4;4;3
"09269V971425";12;"FRIDAY";165;4;4;5
"09269V971425";12;"MONDAY";190;4;4;1
"09269V971425";12;"SATURDAY";104;4;4;6
"09269V971425";12;"SUNDAY";98;4;4;7
"09269V971425";12;"THURSDAY";151;5;5;4
"09269V971425";12;"TUESDAY";184;5;5;2
"09269V971425";12;"WEDNESDAY";181;5;5;3
"11051V704737";1;"FRIDAY";366;5;5;5
"11051V704737";1;"MONDAY";313;4;4;1
"11051V704737";1;"SATURDAY";374;4;4;6
"11051V704737";1;"SUNDAY";279;4;4;7
"11051V704737";1;"THURSDAY";334;5;5;4
"11051V704737";1;"TUESDAY";283;4;4;2
"11051V704737";1;"WEDNESDAY";256;5;5;3
"11051V704737";2;"FRIDAY";444;4;4;5
"11051V704737";2;"MONDAY";340;4;4;1
"11051V704737";2;"SATURDAY";649;5;5;6
"11051V704737";2;"SUNDAY";415;4;4;7
"11051V704737";2;"THURSDAY";386;4;4;4
"11051V704737";2;"TUESDAY";314;4;4;2
"11051V704737";2;"WEDNESDAY";348;4;4;3
"11051V704737";3;"FRIDAY";255;4;4;5
"11051V704737";3;"MONDAY";230;5;5;1
"11051V704737";3;"SATURDAY";277;4;4;6
"11051V704737";3;"SUNDAY";226;5;5;7
"11051V704737";3;"THURSDAY";257;4;4;4
"11051V704737";3;"TUESDAY";191;5;5;2
"11051V704737";3;"WEDNESDAY";216;4;4;3
"11051V704737";4;"FRIDAY";143;4;4;5
"11051V704737";4;"MONDAY";120;4;4;1
"11051V704737";4;"SATURDAY";106;4;4;6
"11051V704737";4;"SUNDAY";108;4;4;7
"11051V704737";4;"THURSDAY";145;5;5;4
"11051V704737";4;"TUESDAY";150;4;4;2
"11051V704737";4;"WEDNESDAY";142;5;5;3
"11051V704737";5;"FRIDAY";196;5;5;5
"11051V704737";5;"MONDAY";187;4;4;1
"11051V704737";5;"SATURDAY";159;5;5;6
"11051V704737";5;"SUNDAY";154;5;5;7
"11051V704737";5;"THURSDAY";173;4;4;4
"11051V704737";5;"TUESDAY";180;4;4;2
"11051V704737";5;"WEDNESDAY";199;4;4;3
"11051V704737";6;"FRIDAY";241;4;4;5
"11051V704737";6;"MONDAY";222;5;5;1
"11051V704737";6;"SATURDAY";195;4;4;6
"11051V704737";6;"SUNDAY";175;4;4;7
"11051V704737";6;"THURSDAY";234;4;4;4
"11051V704737";6;"TUESDAY";217;5;5;2
"11051V704737";6;"WEDNESDAY";220;4;4;3
"11051V704737";7;"FRIDAY";266;5;5;5
"11051V704737";7;"MONDAY";248;4;4;1
"11051V704737";7;"SATURDAY";254;4;4;6
"11051V704737";7;"SUNDAY";196;4;4;7
"11051V704737";7;"THURSDAY";263;5;5;4
"11051V704737";7;"TUESDAY";260;4;4;2
"11051V704737";7;"WEDNESDAY";252;5;5;3
"11051V704737";8;"FRIDAY";310;4;4;5
"11051V704737";8;"MONDAY";265;5;5;1
"11051V704737";8;"SATURDAY";264;5;5;6
"11051V704737";8;"SUNDAY";220;5;5;7
"11051V704737";8;"THURSDAY";313;4;4;4
"11051V704737";8;"TUESDAY";281;4;4;2
"11051V704737";8;"WEDNESDAY";292;4;4;3
"11051V704737";9;"FRIDAY";252;4;4;5
"11051V704737";9;"MONDAY";221;4;4;1
"11051V704737";9;"SATURDAY";205;4;4;6
"11051V704737";9;"SUNDAY";196;4;4;7
"11051V704737";9;"THURSDAY";234;4;4;4
"11051V704737";9;"TUESDAY";221;5;5;2
"11051V704737";9;"WEDNESDAY";219;5;5;3
"11051V704737";10;"FRIDAY";236;5;5;5
"11051V704737";10;"MONDAY";202;4;4;1
"11051V704737";10;"SATURDAY";208;5;5;6
"11051V704737";10;"SUNDAY";186;4;4;7
"11051V704737";10;"THURSDAY";220;5;5;4
"11051V704737";10;"TUESDAY";196;4;4;2
"11051V704737";10;"WEDNESDAY";218;4;4;3
"11051V704737";11;"FRIDAY";178;4;4;5
"11051V704737";11;"MONDAY";156;5;5;1
"11051V704737";11;"SATURDAY";154;4;4;6
"11051V704737";11;"SUNDAY";122;5;5;7
"11051V704737";11;"THURSDAY";189;4;4;4
"11051V704737";11;"TUESDAY";156;4;4;2
"11051V704737";11;"WEDNESDAY";169;4;4;3
"11051V704737";12;"FRIDAY";150;4;4;5
"11051V704737";12;"MONDAY";176;4;4;1
"11051V704737";12;"SATURDAY";165;4;4;6
"11051V704737";12;"SUNDAY";138;4;4;7
"11051V704737";12;"THURSDAY";167;5;5;4
"11051V704737";12;"TUESDAY";174;5;5;2
"11051V704737";12;"WEDNESDAY";199;5;5;3
"13177V930320";1;"FRIDAY";513;1;5;5
"13177V930320";1;"SATURDAY";351;1;4;6
"13177V930320";1;"THURSDAY";442;1;5;4
"13177V930320";1;"WEDNESDAY";249;1;5;3
"13177V930320";7;"FRIDAY";424;2;5;5
"13177V930320";7;"MONDAY";380;1;4;1
"13177V930320";7;"SATURDAY";375;1;4;6
"13177V930320";7;"SUNDAY";331;1;4;7
"13177V930320";7;"THURSDAY";386;2;5;4
"13177V930320";7;"TUESDAY";344;2;4;2
"13177V930320";7;"WEDNESDAY";378;2;5;3
"13177V930320";8;"FRIDAY";305;4;4;5
"13177V930320";8;"MONDAY";206;5;5;1
"13177V930320";8;"SATURDAY";260;5;5;6
"13177V930320";8;"SUNDAY";234;5;5;7
"13177V930320";8;"THURSDAY";262;4;4;4
"13177V930320";8;"TUESDAY";235;4;4;2
"13177V930320";8;"WEDNESDAY";238;4;4;3
"13177V930320";9;"FRIDAY";186;4;4;5
"13177V930320";9;"MONDAY";120;4;4;1
"13177V930320";9;"SATURDAY";166;4;4;6
"13177V930320";9;"SUNDAY";130;4;4;7
"13177V930320";9;"THURSDAY";146;4;4;4
"13177V930320";9;"TUESDAY";123;5;5;2
"13177V930320";9;"WEDNESDAY";126;5;5;3
"13177V930320";10;"FRIDAY";156;5;5;5
"13177V930320";10;"MONDAY";95;4;4;1
"13177V930320";10;"SATURDAY";103;5;5;6
"13177V930320";10;"SUNDAY";70;4;4;7
"13177V930320";10;"THURSDAY";99;5;5;4
"13177V930320";10;"TUESDAY";85;4;4;2
"13177V930320";10;"WEDNESDAY";78;4;4;3
"13177V930320";11;"FRIDAY";90;4;4;5
"13177V930320";11;"MONDAY";86;5;5;1
"13177V930320";11;"SATURDAY";69;4;4;6
"13177V930320";11;"SUNDAY";68;5;5;7
"13177V930320";11;"THURSDAY";74;4;4;4
"13177V930320";11;"TUESDAY";58;4;4;2
"13177V930320";11;"WEDNESDAY";82;4;4;3
"13177V930320";12;"FRIDAY";229;3;4;5
"13177V930320";12;"MONDAY";87;2;4;1
"13177V930320";12;"SATURDAY";83;3;4;6
"13177V930320";12;"SUNDAY";49;3;4;7
"13177V930320";12;"THURSDAY";173;3;5;4
"13177V930320";12;"TUESDAY";101;3;5;2
"13177V930320";12;"WEDNESDAY";117;3;5;3
"14158V705081";1;"FRIDAY";467;5;5;5
"14158V705081";1;"MONDAY";270;4;4;1
"14158V705081";1;"SATURDAY";477;4;4;6
"14158V705081";1;"SUNDAY";581;4;4;7
"14158V705081";1;"THURSDAY";621;5;5;4
"14158V705081";1;"TUESDAY";259;4;4;2
"14158V705081";1;"WEDNESDAY";301;5;5;3
"14158V705081";2;"FRIDAY";789;4;4;5
"14158V705081";2;"MONDAY";354;4;4;1
"14158V705081";2;"SATURDAY";850;5;5;6
"14158V705081";2;"SUNDAY";895;4;4;7
"14158V705081";2;"THURSDAY";671;4;4;4
"14158V705081";2;"TUESDAY";343;4;4;2
"14158V705081";2;"WEDNESDAY";633;4;4;3
"14158V705081";3;"FRIDAY";331;4;4;5
"14158V705081";3;"MONDAY";168;5;5;1
"14158V705081";3;"SATURDAY";279;4;4;6
"14158V705081";3;"SUNDAY";479;5;5;7
"14158V705081";3;"THURSDAY";354;4;4;4
"14158V705081";3;"TUESDAY";142;5;5;2
"14158V705081";3;"WEDNESDAY";200;4;4;3
"14158V705081";4;"FRIDAY";70;4;4;5
"14158V705081";4;"MONDAY";84;4;4;1
"14158V705081";4;"SATURDAY";56;4;4;6
"14158V705081";4;"SUNDAY";56;4;4;7
"14158V705081";4;"THURSDAY";103;5;5;4
"14158V705081";4;"TUESDAY";92;4;4;2
"14158V705081";4;"WEDNESDAY";97;5;5;3
"14158V705081";5;"FRIDAY";91;5;5;5
"14158V705081";5;"MONDAY";104;4;4;1
"14158V705081";5;"SATURDAY";62;5;5;6
"14158V705081";5;"SUNDAY";69;5;5;7
"14158V705081";5;"THURSDAY";115;4;4;4
"14158V705081";5;"TUESDAY";105;4;4;2
"14158V705081";5;"WEDNESDAY";118;4;4;3
"14158V705081";6;"FRIDAY";114;4;4;5
"14158V705081";6;"MONDAY";119;5;5;1
"14158V705081";6;"SATURDAY";71;4;4;6
"14158V705081";6;"SUNDAY";81;4;4;7
"14158V705081";6;"THURSDAY";139;4;4;4
"14158V705081";6;"TUESDAY";116;5;5;2
"14158V705081";6;"WEDNESDAY";136;4;4;3
"14158V705081";7;"FRIDAY";128;4;5;5
"14158V705081";7;"MONDAY";128;3;4;1
"14158V705081";7;"SATURDAY";98;3;4;6
"14158V705081";7;"SUNDAY";96;3;4;7
"14158V705081";7;"THURSDAY";139;4;5;4
"14158V705081";7;"TUESDAY";111;3;4;2
"14158V705081";7;"WEDNESDAY";119;4;5;3
"14158V705081";8;"FRIDAY";223;3;4;5
"14158V705081";8;"MONDAY";180;3;5;1
"14158V705081";8;"SATURDAY";170;3;5;6
"14158V705081";8;"SUNDAY";149;3;5;7
"14158V705081";8;"THURSDAY";197;3;4;4
"14158V705081";8;"TUESDAY";183;3;4;2
"14158V705081";8;"WEDNESDAY";200;3;4;3
"14158V705081";9;"FRIDAY";0;4;4;5
"14158V705081";9;"MONDAY";0;4;4;1
"14158V705081";9;"SATURDAY";0;4;4;6
"14158V705081";9;"SUNDAY";0;4;4;7
"14158V705081";9;"THURSDAY";0;4;4;4
"14158V705081";9;"TUESDAY";0;5;5;2
"14158V705081";9;"WEDNESDAY";0;5;5;3
"14158V705081";10;"FRIDAY";0;5;5;5
"14158V705081";10;"MONDAY";0;4;4;1
"14158V705081";10;"SATURDAY";0;5;5;6
"14158V705081";10;"SUNDAY";0;4;4;7
"14158V705081";10;"THURSDAY";0;5;5;4
"14158V705081";10;"TUESDAY";0;4;4;2
"14158V705081";10;"WEDNESDAY";0;4;4;3
"14158V705081";11;"FRIDAY";116;4;4;5
"14158V705081";11;"MONDAY";122;4;5;1
"14158V705081";11;"SATURDAY";71;4;4;6
"14158V705081";11;"SUNDAY";84;4;5;7
"14158V705081";11;"THURSDAY";135;4;4;4
"14158V705081";11;"TUESDAY";110;3;4;2
"14158V705081";11;"WEDNESDAY";126;4;4;3
"14158V705081";12;"FRIDAY";104;4;4;5
"14158V705081";12;"MONDAY";112;4;4;1
"14158V705081";12;"SATURDAY";84;4;4;6
"14158V705081";12;"SUNDAY";83;4;4;7
"14158V705081";12;"THURSDAY";100;5;5;4
"14158V705081";12;"TUESDAY";97;5;5;2
"14158V705081";12;"WEDNESDAY";109;5;5;3
"21405V2607269";1;"FRIDAY";6008;5;5;5
"21405V2607269";1;"MONDAY";4816;4;4;1
"21405V2607269";1;"SATURDAY";5270;4;4;6
"21405V2607269";1;"SUNDAY";5621;4;4;7
"21405V2607269";1;"THURSDAY";5304;5;5;4
"21405V2607269";1;"TUESDAY";4654;4;4;2
"21405V2607269";1;"WEDNESDAY";4456;5;5;3
"21405V2607269";2;"FRIDAY";6740;4;4;5
"21405V2607269";2;"MONDAY";5159;4;4;1
"21405V2607269";2;"SATURDAY";5814;5;5;6
"21405V2607269";2;"SUNDAY";5981;4;4;7
"21405V2607269";2;"THURSDAY";6048;4;4;4
"21405V2607269";2;"TUESDAY";4797;4;4;2
"21405V2607269";2;"WEDNESDAY";5346;4;4;3
"21405V2607269";3;"FRIDAY";4180;4;4;5
"21405V2607269";3;"MONDAY";3794;5;5;1
"21405V2607269";3;"SATURDAY";2988;4;4;6
"21405V2607269";3;"SUNDAY";3574;5;5;7
"21405V2607269";3;"THURSDAY";4538;4;4;4
"21405V2607269";3;"TUESDAY";3148;5;5;2
"21405V2607269";3;"WEDNESDAY";3545;4;4;3
"21405V2607269";4;"FRIDAY";1559;4;4;5
"21405V2607269";4;"MONDAY";2064;4;4;1
"21405V2607269";4;"SATURDAY";589;4;4;6
"21405V2607269";4;"SUNDAY";879;4;4;7
"21405V2607269";4;"THURSDAY";2074;5;5;4
"21405V2607269";4;"TUESDAY";2166;4;4;2
"21405V2607269";4;"WEDNESDAY";2137;5;5;3
"21405V2607269";5;"FRIDAY";1797;5;5;5
"21405V2607269";5;"MONDAY";2634;4;4;1
"21405V2607269";5;"SATURDAY";768;5;5;6
"21405V2607269";5;"SUNDAY";1106;5;5;7
"21405V2607269";5;"THURSDAY";2371;4;4;4
"21405V2607269";5;"TUESDAY";2323;4;4;2
"21405V2607269";5;"WEDNESDAY";2476;4;4;3
"21405V2607269";6;"FRIDAY";2193;4;4;5
"21405V2607269";6;"MONDAY";2569;5;5;1
"21405V2607269";6;"SATURDAY";958;4;4;6
"21405V2607269";6;"SUNDAY";1376;4;4;7
"21405V2607269";6;"THURSDAY";2839;4;4;4
"21405V2607269";6;"TUESDAY";2531;5;5;2
"21405V2607269";6;"WEDNESDAY";2554;4;4;3
"21405V2607269";7;"FRIDAY";3148;5;5;5
"21405V2607269";7;"MONDAY";3936;4;4;1
"21405V2607269";7;"SATURDAY";2588;4;4;6
"21405V2607269";7;"SUNDAY";2740;4;4;7
"21405V2607269";7;"THURSDAY";3326;5;5;4
"21405V2607269";7;"TUESDAY";3987;4;4;2
"21405V2607269";7;"WEDNESDAY";3428;5;5;3
"21405V2607269";8;"FRIDAY";4951;4;4;5
"21405V2607269";8;"MONDAY";4215;5;5;1
"21405V2607269";8;"SATURDAY";2630;5;5;6
"21405V2607269";8;"SUNDAY";3447;5;5;7
"21405V2607269";8;"THURSDAY";5253;4;4;4
"21405V2607269";8;"TUESDAY";4404;4;4;2
"21405V2607269";8;"WEDNESDAY";5067;4;4;3
"21405V2607269";9;"FRIDAY";5610;4;4;5
"21405V2607269";9;"MONDAY";5188;4;4;1
"21405V2607269";9;"SATURDAY";5048;4;4;6
"21405V2607269";9;"SUNDAY";5262;4;4;7
"21405V2607269";9;"THURSDAY";5107;4;4;4
"21405V2607269";9;"TUESDAY";4508;5;5;2
"21405V2607269";9;"WEDNESDAY";4741;5;5;3
"21405V2607269";10;"FRIDAY";4971;5;5;5
"21405V2607269";10;"MONDAY";3450;4;4;1
"21405V2607269";10;"SATURDAY";1852;5;5;6
"21405V2607269";10;"SUNDAY";2616;4;4;7
"21405V2607269";10;"THURSDAY";4567;5;5;4
"21405V2607269";10;"TUESDAY";3349;4;4;2
"21405V2607269";10;"WEDNESDAY";3628;4;4;3
"21405V2607269";11;"FRIDAY";2168;4;4;5
"21405V2607269";11;"MONDAY";2550;5;5;1
"21405V2607269";11;"SATURDAY";855;4;4;6
"21405V2607269";11;"SUNDAY";1309;5;5;7
"21405V2607269";11;"THURSDAY";2645;4;4;4
"21405V2607269";11;"TUESDAY";2330;4;4;2
"21405V2607269";11;"WEDNESDAY";2355;4;4;3
"21405V2607269";12;"FRIDAY";1730;4;4;5
"21405V2607269";12;"MONDAY";2238;4;4;1
"21405V2607269";12;"SATURDAY";853;4;4;6
"21405V2607269";12;"SUNDAY";1154;4;4;7
"21405V2607269";12;"THURSDAY";1736;5;5;4
"21405V2607269";12;"TUESDAY";2143;5;5;2
"21405V2607269";12;"WEDNESDAY";2034;5;5;3
"35229V971507";1;"FRIDAY";7668;5;5;5
"35229V971507";1;"MONDAY";5217;4;4;1
"35229V971507";1;"SATURDAY";8461;4;4;6
"35229V971507";1;"SUNDAY";7523;4;4;7
"35229V971507";1;"THURSDAY";6174;5;5;4
"35229V971507";1;"TUESDAY";5462;4;4;2
"35229V971507";1;"WEDNESDAY";5208;5;5;3
"35229V971507";2;"FRIDAY";8603;4;4;5
"35229V971507";2;"MONDAY";5402;4;4;1
"35229V971507";2;"SATURDAY";9259;5;5;6
"35229V971507";2;"SUNDAY";7626;4;4;7
"35229V971507";2;"THURSDAY";7131;4;4;4
"35229V971507";2;"TUESDAY";5926;4;4;2
"35229V971507";2;"WEDNESDAY";6870;4;4;3
"35229V971507";3;"FRIDAY";4638;4;4;5
"35229V971507";3;"MONDAY";3605;5;5;1
"35229V971507";3;"SATURDAY";4867;4;4;6
"35229V971507";3;"SUNDAY";4724;5;5;7
"35229V971507";3;"THURSDAY";5486;4;4;4
"35229V971507";3;"TUESDAY";2720;5;5;2
"35229V971507";3;"WEDNESDAY";3498;4;4;3
"35229V971507";4;"FRIDAY";773;4;4;5
"35229V971507";4;"MONDAY";768;4;4;1
"35229V971507";4;"SATURDAY";532;4;4;6
"35229V971507";4;"SUNDAY";546;4;4;7
"35229V971507";4;"THURSDAY";819;5;5;4
"35229V971507";4;"TUESDAY";848;4;4;2
"35229V971507";4;"WEDNESDAY";832;5;5;3
"35229V971507";5;"FRIDAY";887;5;5;5
"35229V971507";5;"MONDAY";907;4;4;1
"35229V971507";5;"SATURDAY";650;5;5;6
"35229V971507";5;"SUNDAY";580;5;5;7
"35229V971507";5;"THURSDAY";896;4;4;4
"35229V971507";5;"TUESDAY";906;4;4;2
"35229V971507";5;"WEDNESDAY";942;4;4;3
"35229V971507";6;"FRIDAY";1037;4;4;5
"35229V971507";6;"MONDAY";994;5;5;1
"35229V971507";6;"SATURDAY";782;4;4;6
"35229V971507";6;"SUNDAY";754;4;4;7
"35229V971507";6;"THURSDAY";1114;4;4;4
"35229V971507";6;"TUESDAY";1005;5;5;2
"35229V971507";6;"WEDNESDAY";1047;4;4;3
"35229V971507";7;"FRIDAY";1145;5;5;5
"35229V971507";7;"MONDAY";1090;4;4;1
"35229V971507";7;"SATURDAY";944;4;4;6
"35229V971507";7;"SUNDAY";880;4;4;7
"35229V971507";7;"THURSDAY";1080;5;5;4
"35229V971507";7;"TUESDAY";1020;4;4;2
"35229V971507";7;"WEDNESDAY";1091;5;5;3
"35229V971507";8;"FRIDAY";1126;4;4;5
"35229V971507";8;"MONDAY";1050;5;5;1
"35229V971507";8;"SATURDAY";839;5;5;6
"35229V971507";8;"SUNDAY";834;5;5;7
"35229V971507";8;"THURSDAY";1083;4;4;4
"35229V971507";8;"TUESDAY";1036;4;4;2
"35229V971507";8;"WEDNESDAY";1070;4;4;3
"35229V971507";9;"FRIDAY";1154;4;4;5
"35229V971507";9;"MONDAY";1043;4;4;1
"35229V971507";9;"SATURDAY";800;4;4;6
"35229V971507";9;"SUNDAY";774;4;4;7
"35229V971507";9;"THURSDAY";1060;4;4;4
"35229V971507";9;"TUESDAY";1040;5;5;2
"35229V971507";9;"WEDNESDAY";1032;5;5;3
"35229V971507";10;"FRIDAY";1136;5;5;5
"35229V971507";10;"MONDAY";1053;4;4;1
"35229V971507";10;"SATURDAY";814;5;5;6
"35229V971507";10;"SUNDAY";707;4;4;7
"35229V971507";10;"THURSDAY";1020;5;5;4
"35229V971507";10;"TUESDAY";1000;4;4;2
"35229V971507";10;"WEDNESDAY";960;4;4;3
"35229V971507";11;"FRIDAY";1024;4;4;5
"35229V971507";11;"MONDAY";904;5;5;1
"35229V971507";11;"SATURDAY";679;4;4;6
"35229V971507";11;"SUNDAY";626;5;5;7
"35229V971507";11;"THURSDAY";969;4;4;4
"35229V971507";11;"TUESDAY";914;4;4;2
"35229V971507";11;"WEDNESDAY";897;4;4;3
"35229V971507";12;"FRIDAY";902;4;4;5
"35229V971507";12;"MONDAY";976;4;4;1
"35229V971507";12;"SATURDAY";644;4;4;6
"35229V971507";12;"SUNDAY";591;4;4;7
"35229V971507";12;"THURSDAY";759;5;5;4
"35229V971507";12;"TUESDAY";965;5;5;2
"35229V971507";12;"WEDNESDAY";940;5;5;3
"35829V885266";1;"FRIDAY";236;5;5;5
"35829V885266";1;"MONDAY";86;4;4;1
"35829V885266";1;"SATURDAY";208;4;4;6
"35829V885266";1;"SUNDAY";221;4;4;7
"35829V885266";1;"THURSDAY";122;5;5;4
"35829V885266";1;"TUESDAY";82;4;4;2
"35829V885266";1;"WEDNESDAY";99;5;5;3
"35829V885266";2;"FRIDAY";273;4;4;5
"35829V885266";2;"MONDAY";75;4;4;1
"35829V885266";2;"SATURDAY";203;5;5;6
"35829V885266";2;"SUNDAY";183;4;4;7
"35829V885266";2;"THURSDAY";174;4;4;4
"35829V885266";2;"TUESDAY";93;4;4;2
"35829V885266";2;"WEDNESDAY";96;4;4;3
"35829V885266";3;"FRIDAY";158;4;4;5
"35829V885266";3;"MONDAY";109;5;5;1
"35829V885266";3;"SATURDAY";141;4;4;6
"35829V885266";3;"SUNDAY";150;5;5;7
"35829V885266";3;"THURSDAY";156;4;4;4
"35829V885266";3;"TUESDAY";93;5;5;2
"35829V885266";3;"WEDNESDAY";114;4;4;3
"35829V885266";4;"FRIDAY";38;4;4;5
"35829V885266";4;"MONDAY";33;4;4;1
"35829V885266";4;"SATURDAY";46;4;4;6
"35829V885266";4;"SUNDAY";42;4;4;7
"35829V885266";4;"THURSDAY";44;5;5;4
"35829V885266";4;"TUESDAY";38;4;4;2
"35829V885266";4;"WEDNESDAY";40;5;5;3
"35829V885266";5;"FRIDAY";58;5;5;5
"35829V885266";5;"MONDAY";41;4;4;1
"35829V885266";5;"SATURDAY";39;5;5;6
"35829V885266";5;"SUNDAY";44;5;5;7
"35829V885266";5;"THURSDAY";58;4;4;4
"35829V885266";5;"TUESDAY";31;4;4;2
"35829V885266";5;"WEDNESDAY";36;4;4;3
"35829V885266";6;"FRIDAY";49;4;4;5
"35829V885266";6;"MONDAY";57;5;5;1
"35829V885266";6;"SATURDAY";35;4;4;6
"35829V885266";6;"SUNDAY";54;4;4;7
"35829V885266";6;"THURSDAY";56;4;4;4
"35829V885266";6;"TUESDAY";58;5;5;2
"35829V885266";6;"WEDNESDAY";51;4;4;3
"35829V885266";7;"FRIDAY";78;5;5;5
"35829V885266";7;"MONDAY";78;4;4;1
"35829V885266";7;"SATURDAY";59;4;4;6
"35829V885266";7;"SUNDAY";59;4;4;7
"35829V885266";7;"THURSDAY";86;5;5;4
"35829V885266";7;"TUESDAY";77;4;4;2
"35829V885266";7;"WEDNESDAY";93;5;5;3
"35829V885266";8;"FRIDAY";207;4;4;5
"35829V885266";8;"MONDAY";125;5;5;1
"35829V885266";8;"SATURDAY";153;5;5;6
"35829V885266";8;"SUNDAY";134;5;5;7
"35829V885266";8;"THURSDAY";171;4;4;4
"35829V885266";8;"TUESDAY";142;4;4;2
"35829V885266";8;"WEDNESDAY";170;4;4;3
"35829V885266";9;"FRIDAY";183;4;4;5
"35829V885266";9;"MONDAY";99;4;4;1
"35829V885266";9;"SATURDAY";147;4;4;6
"35829V885266";9;"SUNDAY";126;4;4;7
"35829V885266";9;"THURSDAY";120;4;4;4
"35829V885266";9;"TUESDAY";91;5;5;2
"35829V885266";9;"WEDNESDAY";106;5;5;3
"35829V885266";10;"FRIDAY";63;5;5;5
"35829V885266";10;"MONDAY";38;4;4;1
"35829V885266";10;"SATURDAY";49;5;5;6
"35829V885266";10;"SUNDAY";65;4;4;7
"35829V885266";10;"THURSDAY";53;5;5;4
"35829V885266";10;"TUESDAY";36;4;4;2
"35829V885266";10;"WEDNESDAY";49;4;4;3
"35829V885266";11;"FRIDAY";31;4;4;5
"35829V885266";11;"MONDAY";23;5;5;1
"35829V885266";11;"SATURDAY";30;4;4;6
"35829V885266";11;"SUNDAY";36;5;5;7
"35829V885266";11;"THURSDAY";38;4;4;4
"35829V885266";11;"TUESDAY";24;4;4;2
"35829V885266";11;"WEDNESDAY";34;4;4;3
"35829V885266";12;"FRIDAY";28;4;4;5
"35829V885266";12;"MONDAY";23;4;4;1
"35829V885266";12;"SATURDAY";21;4;4;6
"35829V885266";12;"SUNDAY";27;4;4;7
"35829V885266";12;"THURSDAY";24;5;5;4
"35829V885266";12;"TUESDAY";28;5;5;2
"35829V885266";12;"WEDNESDAY";28;5;5;3
"45313V1125788";1;"FRIDAY";559;5;5;5
"45313V1125788";1;"MONDAY";340;4;4;1
"45313V1125788";1;"SATURDAY";540;4;4;6
"45313V1125788";1;"SUNDAY";597;4;4;7
"45313V1125788";1;"THURSDAY";443;5;5;4
"45313V1125788";1;"TUESDAY";358;4;4;2
"45313V1125788";1;"WEDNESDAY";392;5;5;3
"45313V1125788";2;"FRIDAY";677;4;4;5
"45313V1125788";2;"MONDAY";413;4;4;1
"45313V1125788";2;"SATURDAY";687;5;5;6
"45313V1125788";2;"SUNDAY";656;4;4;7
"45313V1125788";2;"THURSDAY";490;4;4;4
"45313V1125788";2;"TUESDAY";352;4;4;2
"45313V1125788";2;"WEDNESDAY";430;4;4;3
"45313V1125788";3;"FRIDAY";429;4;4;5
"45313V1125788";3;"MONDAY";356;5;5;1
"45313V1125788";3;"SATURDAY";428;4;4;6
"45313V1125788";3;"SUNDAY";518;5;5;7
"45313V1125788";3;"THURSDAY";405;4;4;4
"45313V1125788";3;"TUESDAY";332;5;5;2
"45313V1125788";3;"WEDNESDAY";366;4;4;3
"45313V1125788";4;"FRIDAY";120;4;4;5
"45313V1125788";4;"MONDAY";159;4;4;1
"45313V1125788";4;"SATURDAY";112;4;4;6
"45313V1125788";4;"SUNDAY";126;4;4;7
"45313V1125788";4;"THURSDAY";164;5;5;4
"45313V1125788";4;"TUESDAY";151;4;4;2
"45313V1125788";4;"WEDNESDAY";165;5;5;3
"45313V1125788";5;"FRIDAY";171;5;5;5
"45313V1125788";5;"MONDAY";174;4;4;1
"45313V1125788";5;"SATURDAY";154;5;5;6
"45313V1125788";5;"SUNDAY";161;5;5;7
"45313V1125788";5;"THURSDAY";230;4;4;4
"45313V1125788";5;"TUESDAY";160;4;4;2
"45313V1125788";5;"WEDNESDAY";186;4;4;3
"45313V1125788";6;"FRIDAY";674;4;4;5
"45313V1125788";6;"MONDAY";593;5;5;1
"45313V1125788";6;"SATURDAY";733;4;4;6
"45313V1125788";6;"SUNDAY";663;4;4;7
"45313V1125788";6;"THURSDAY";606;4;4;4
"45313V1125788";6;"TUESDAY";572;5;5;2
"45313V1125788";6;"WEDNESDAY";520;4;4;3
"45313V1125788";7;"FRIDAY";1790;5;5;5
"45313V1125788";7;"MONDAY";1698;4;4;1
"45313V1125788";7;"SATURDAY";1902;4;4;6
"45313V1125788";7;"SUNDAY";1665;4;4;7
"45313V1125788";7;"THURSDAY";1688;5;5;4
"45313V1125788";7;"TUESDAY";1768;4;4;2
"45313V1125788";7;"WEDNESDAY";1655;5;5;3
"45313V1125788";8;"FRIDAY";1104;4;4;5
"45313V1125788";8;"MONDAY";853;5;5;1
"45313V1125788";8;"SATURDAY";1302;5;5;6
"45313V1125788";8;"SUNDAY";1108;5;5;7
"45313V1125788";8;"THURSDAY";1035;4;4;4
"45313V1125788";8;"TUESDAY";1018;4;4;2
"45313V1125788";8;"WEDNESDAY";1002;4;4;3
"45313V1125788";9;"FRIDAY";452;4;4;5
"45313V1125788";9;"MONDAY";342;4;4;1
"45313V1125788";9;"SATURDAY";583;4;4;6
"45313V1125788";9;"SUNDAY";508;4;4;7
"45313V1125788";9;"THURSDAY";369;4;4;4
"45313V1125788";9;"TUESDAY";302;5;5;2
"45313V1125788";9;"WEDNESDAY";318;5;5;3
"45313V1125788";10;"FRIDAY";284;5;5;5
"45313V1125788";10;"MONDAY";202;4;4;1
"45313V1125788";10;"SATURDAY";198;5;5;6
"45313V1125788";10;"SUNDAY";249;4;4;7
"45313V1125788";10;"THURSDAY";246;5;5;4
"45313V1125788";10;"TUESDAY";180;4;4;2
"45313V1125788";10;"WEDNESDAY";234;4;4;3
"45313V1125788";11;"FRIDAY";199;4;4;5
"45313V1125788";11;"MONDAY";206;5;5;1
"45313V1125788";11;"SATURDAY";159;4;4;6
"45313V1125788";11;"SUNDAY";192;5;5;7
"45313V1125788";11;"THURSDAY";189;4;4;4
"45313V1125788";11;"TUESDAY";161;4;4;2
"45313V1125788";11;"WEDNESDAY";192;4;4;3
"45313V1125788";12;"FRIDAY";283;4;4;5
"45313V1125788";12;"MONDAY";176;4;4;1
"45313V1125788";12;"SATURDAY";144;4;4;6
"45313V1125788";12;"SUNDAY";168;4;4;7
"45313V1125788";12;"THURSDAY";192;5;5;4
"45313V1125788";12;"TUESDAY";164;5;5;2
"45313V1125788";12;"WEDNESDAY";183;5;5;3
"50089V578151";1;"FRIDAY";546;5;5;5
"50089V578151";1;"MONDAY";183;4;4;1
"50089V578151";1;"SATURDAY";406;4;4;6
"50089V578151";1;"SUNDAY";488;4;4;7
"50089V578151";1;"THURSDAY";311;5;5;4
"50089V578151";1;"TUESDAY";183;4;4;2
"50089V578151";1;"WEDNESDAY";196;5;5;3
"50089V578151";2;"FRIDAY";777;3;4;5
"50089V578151";2;"MONDAY";290;3;4;1
"50089V578151";2;"SATURDAY";720;4;5;6
"50089V578151";2;"SUNDAY";537;4;4;7
"50089V578151";2;"THURSDAY";469;3;4;4
"50089V578151";2;"TUESDAY";331;3;4;2
"50089V578151";2;"WEDNESDAY";394;3;4;3
"50089V578151";7;"FRIDAY";122;1;5;5
"50089V578151";7;"THURSDAY";116;1;5;4
"50089V578151";7;"WEDNESDAY";100;1;5;3
"50089V578151";8;"FRIDAY";110;4;4;5
"50089V578151";8;"MONDAY";86;5;5;1
"50089V578151";8;"SATURDAY";88;5;5;6
"50089V578151";8;"SUNDAY";104;5;5;7
"50089V578151";8;"THURSDAY";102;4;4;4
"50089V578151";8;"TUESDAY";92;4;4;2
"50089V578151";8;"WEDNESDAY";94;4;4;3
"50089V578151";9;"FRIDAY";219;4;4;5
"50089V578151";9;"MONDAY";130;4;4;1
"50089V578151";9;"SATURDAY";166;4;4;6
"50089V578151";9;"SUNDAY";166;4;4;7
"50089V578151";9;"THURSDAY";161;4;4;4
"50089V578151";9;"TUESDAY";127;5;5;2
"50089V578151";9;"WEDNESDAY";127;5;5;3
"50089V578151";10;"FRIDAY";100;5;5;5
"50089V578151";10;"MONDAY";75;4;4;1
"50089V578151";10;"SATURDAY";87;5;5;6
"50089V578151";10;"SUNDAY";85;4;4;7
"50089V578151";10;"THURSDAY";92;5;5;4
"50089V578151";10;"TUESDAY";83;4;4;2
"50089V578151";10;"WEDNESDAY";79;4;4;3
"50089V578151";11;"FRIDAY";61;4;4;5
"50089V578151";11;"MONDAY";72;5;5;1
"50089V578151";11;"SATURDAY";73;4;4;6
"50089V578151";11;"SUNDAY";67;5;5;7
"50089V578151";11;"THURSDAY";78;4;4;4
"50089V578151";11;"TUESDAY";68;4;4;2
"50089V578151";11;"WEDNESDAY";70;4;4;3
"50089V578151";12;"FRIDAY";58;4;4;5
"50089V578151";12;"MONDAY";65;4;4;1
"50089V578151";12;"SATURDAY";60;4;4;6
"50089V578151";12;"SUNDAY";63;4;4;7
"50089V578151";12;"THURSDAY";42;5;5;4
"50089V578151";12;"TUESDAY";66;5;5;2
"50089V578151";12;"WEDNESDAY";57;5;5;3
"57929V705247";1;"FRIDAY";524;5;5;5
"57929V705247";1;"MONDAY";476;4;4;1
"57929V705247";1;"SATURDAY";324;4;4;6
"57929V705247";1;"SUNDAY";545;4;4;7
"57929V705247";1;"THURSDAY";517;5;5;4
"57929V705247";1;"TUESDAY";330;4;4;2
"57929V705247";1;"WEDNESDAY";373;5;5;3
"57929V705247";2;"FRIDAY";819;4;4;5
"57929V705247";2;"MONDAY";602;4;4;1
"57929V705247";2;"SATURDAY";548;5;5;6
"57929V705247";2;"SUNDAY";750;4;4;7
"57929V705247";2;"THURSDAY";691;4;4;4
"57929V705247";2;"TUESDAY";408;4;4;2
"57929V705247";2;"WEDNESDAY";480;4;4;3
"57929V705247";3;"FRIDAY";354;4;4;5
"57929V705247";3;"MONDAY";426;5;5;1
"57929V705247";3;"SATURDAY";222;4;4;6
"57929V705247";3;"SUNDAY";433;5;5;7
"57929V705247";3;"THURSDAY";471;4;4;4
"57929V705247";3;"TUESDAY";275;5;5;2
"57929V705247";3;"WEDNESDAY";277;4;4;3
"57929V705247";4;"FRIDAY";198;4;4;5
"57929V705247";4;"MONDAY";319;4;4;1
"57929V705247";4;"SATURDAY";140;4;4;6
"57929V705247";4;"SUNDAY";222;4;4;7
"57929V705247";4;"THURSDAY";337;5;5;4
"57929V705247";4;"TUESDAY";269;4;4;2
"57929V705247";4;"WEDNESDAY";245;5;5;3
"57929V705247";5;"FRIDAY";290;5;5;5
"57929V705247";5;"MONDAY";362;4;4;1
"57929V705247";5;"SATURDAY";207;5;5;6
"57929V705247";5;"SUNDAY";314;5;5;7
"57929V705247";5;"THURSDAY";392;4;4;4
"57929V705247";5;"TUESDAY";270;4;4;2
"57929V705247";5;"WEDNESDAY";309;4;4;3
"57929V705247";6;"FRIDAY";328;4;4;5
"57929V705247";6;"MONDAY";417;5;5;1
"57929V705247";6;"SATURDAY";233;4;4;6
"57929V705247";6;"SUNDAY";384;4;4;7
"57929V705247";6;"THURSDAY";489;4;4;4
"57929V705247";6;"TUESDAY";323;5;5;2
"57929V705247";6;"WEDNESDAY";322;4;4;3
"57929V705247";7;"FRIDAY";429;5;5;5
"57929V705247";7;"MONDAY";426;4;4;1
"57929V705247";7;"SATURDAY";335;4;4;6
"57929V705247";7;"SUNDAY";374;4;4;7
"57929V705247";7;"THURSDAY";458;5;5;4
"57929V705247";7;"TUESDAY";366;4;4;2
"57929V705247";7;"WEDNESDAY";361;5;5;3
"57929V705247";8;"FRIDAY";511;4;4;5
"57929V705247";8;"MONDAY";495;5;5;1
"57929V705247";8;"SATURDAY";340;5;5;6
"57929V705247";8;"SUNDAY";557;5;5;7
"57929V705247";8;"THURSDAY";624;4;4;4
"57929V705247";8;"TUESDAY";398;4;4;2
"57929V705247";8;"WEDNESDAY";420;4;4;3
"57929V705247";9;"FRIDAY";567;4;4;5
"57929V705247";9;"MONDAY";542;4;4;1
"57929V705247";9;"SATURDAY";406;4;4;6
"57929V705247";9;"SUNDAY";642;4;4;7
"57929V705247";9;"THURSDAY";573;4;4;4
"57929V705247";9;"TUESDAY";396;5;5;2
"57929V705247";9;"WEDNESDAY";404;5;5;3
"57929V705247";10;"FRIDAY";460;5;5;5
"57929V705247";10;"MONDAY";418;4;4;1
"57929V705247";10;"SATURDAY";285;5;5;6
"57929V705247";10;"SUNDAY";448;4;4;7
"57929V705247";10;"THURSDAY";521;5;5;4
"57929V705247";10;"TUESDAY";301;4;4;2
"57929V705247";10;"WEDNESDAY";327;4;4;3
"57929V705247";11;"FRIDAY";297;4;4;5
"57929V705247";11;"MONDAY";346;5;5;1
"57929V705247";11;"SATURDAY";173;4;4;6
"57929V705247";11;"SUNDAY";265;5;5;7
"57929V705247";11;"THURSDAY";400;4;4;4
"57929V705247";11;"TUESDAY";296;4;4;2
"57929V705247";11;"WEDNESDAY";312;4;4;3
"57929V705247";12;"FRIDAY";222;4;4;5
"57929V705247";12;"MONDAY";256;4;4;1
"57929V705247";12;"SATURDAY";163;4;4;6
"57929V705247";12;"SUNDAY";204;4;4;7
"57929V705247";12;"THURSDAY";244;5;5;4
"57929V705247";12;"TUESDAY";233;5;5;2
"57929V705247";12;"WEDNESDAY";241;5;5;3
"68101V930654";1;"FRIDAY";444;5;5;5
"68101V930654";1;"MONDAY";318;4;4;1
"68101V930654";1;"SATURDAY";492;4;4;6
"68101V930654";1;"SUNDAY";416;4;4;7
"68101V930654";1;"THURSDAY";338;5;5;4
"68101V930654";1;"TUESDAY";320;4;4;2
"68101V930654";1;"WEDNESDAY";253;5;5;3
"68101V930654";2;"FRIDAY";462;4;4;5
"68101V930654";2;"MONDAY";315;4;4;1
"68101V930654";2;"SATURDAY";534;5;5;6
"68101V930654";2;"SUNDAY";485;4;4;7
"68101V930654";2;"THURSDAY";372;4;4;4
"68101V930654";2;"TUESDAY";306;4;4;2
"68101V930654";2;"WEDNESDAY";366;4;4;3
"68101V930654";3;"FRIDAY";223;4;4;5
"68101V930654";3;"MONDAY";181;5;5;1
"68101V930654";3;"SATURDAY";255;4;4;6
"68101V930654";3;"SUNDAY";296;5;5;7
"68101V930654";3;"THURSDAY";220;4;4;4
"68101V930654";3;"TUESDAY";167;5;5;2
"68101V930654";3;"WEDNESDAY";211;4;4;3
"68101V930654";4;"FRIDAY";44;4;4;5
"68101V930654";4;"MONDAY";58;4;4;1
"68101V930654";4;"SATURDAY";32;4;4;6
"68101V930654";4;"SUNDAY";35;4;4;7
"68101V930654";4;"THURSDAY";52;5;5;4
"68101V930654";4;"TUESDAY";58;4;4;2
"68101V930654";4;"WEDNESDAY";50;5;5;3
"68101V930654";5;"FRIDAY";55;5;5;5
"68101V930654";5;"MONDAY";66;4;4;1
"68101V930654";5;"SATURDAY";38;5;5;6
"68101V930654";5;"SUNDAY";39;5;5;7
"68101V930654";5;"THURSDAY";54;4;4;4
"68101V930654";5;"TUESDAY";69;4;4;2
"68101V930654";5;"WEDNESDAY";70;4;4;3
"68101V930654";6;"FRIDAY";489;4;4;5
"68101V930654";6;"MONDAY";425;5;5;1
"68101V930654";6;"SATURDAY";427;4;4;6
"68101V930654";6;"SUNDAY";419;4;4;7
"68101V930654";6;"THURSDAY";356;4;4;4
"68101V930654";6;"TUESDAY";407;5;5;2
"68101V930654";6;"WEDNESDAY";346;4;4;3
"68101V930654";7;"FRIDAY";899;5;5;5
"68101V930654";7;"MONDAY";738;4;4;1
"68101V930654";7;"SATURDAY";863;4;4;6
"68101V930654";7;"SUNDAY";928;4;4;7
"68101V930654";7;"THURSDAY";835;5;5;4
"68101V930654";7;"TUESDAY";772;4;4;2
"68101V930654";7;"WEDNESDAY";791;5;5;3
"68101V930654";8;"FRIDAY";606;4;4;5
"68101V930654";8;"MONDAY";399;5;5;1
"68101V930654";8;"SATURDAY";551;5;5;6
"68101V930654";8;"SUNDAY";635;5;5;7
"68101V930654";8;"THURSDAY";527;4;4;4
"68101V930654";8;"TUESDAY";469;4;4;2
"68101V930654";8;"WEDNESDAY";500;4;4;3
"68101V930654";9;"FRIDAY";297;4;4;5
"68101V930654";9;"MONDAY";227;4;4;1
"68101V930654";9;"SATURDAY";414;4;4;6
"68101V930654";9;"SUNDAY";370;4;4;7
"68101V930654";9;"THURSDAY";262;4;4;4
"68101V930654";9;"TUESDAY";214;5;5;2
"68101V930654";9;"WEDNESDAY";232;5;5;3
"68101V930654";10;"FRIDAY";352;5;5;5
"68101V930654";10;"MONDAY";152;4;4;1
"68101V930654";10;"SATURDAY";248;5;5;6
"68101V930654";10;"SUNDAY";245;4;4;7
"68101V930654";10;"THURSDAY";219;5;5;4
"68101V930654";10;"TUESDAY";170;4;4;2
"68101V930654";10;"WEDNESDAY";172;4;4;3
"68101V930654";11;"FRIDAY";228;4;4;5
"68101V930654";11;"MONDAY";134;5;5;1
"68101V930654";11;"SATURDAY";132;4;4;6
"68101V930654";11;"SUNDAY";184;5;5;7
"68101V930654";11;"THURSDAY";153;4;4;4
"68101V930654";11;"TUESDAY";113;4;4;2
"68101V930654";11;"WEDNESDAY";116;4;4;3
"68101V930654";12;"FRIDAY";375;4;4;5
"68101V930654";12;"MONDAY";102;4;4;1
"68101V930654";12;"SATURDAY";116;4;4;6
"68101V930654";12;"SUNDAY";128;4;4;7
"68101V930654";12;"THURSDAY";212;5;5;4
"68101V930654";12;"TUESDAY";131;5;5;2
"68101V930654";12;"WEDNESDAY";152;5;5;3
"69140V704643";1;"FRIDAY";522;5;5;5
"69140V704643";1;"MONDAY";303;4;4;1
"69140V704643";1;"SATURDAY";531;4;4;6
"69140V704643";1;"SUNDAY";632;4;4;7
"69140V704643";1;"THURSDAY";562;5;5;4
"69140V704643";1;"TUESDAY";279;4;4;2
"69140V704643";1;"WEDNESDAY";348;5;5;3
"69140V704643";2;"FRIDAY";714;4;4;5
"69140V704643";2;"MONDAY";401;4;4;1
"69140V704643";2;"SATURDAY";823;5;5;6
"69140V704643";2;"SUNDAY";1054;4;4;7
"69140V704643";2;"THURSDAY";664;4;4;4
"69140V704643";2;"TUESDAY";384;4;4;2
"69140V704643";2;"WEDNESDAY";617;4;4;3
"69140V704643";3;"FRIDAY";374;4;4;5
"69140V704643";3;"MONDAY";229;5;5;1
"69140V704643";3;"SATURDAY";342;4;4;6
"69140V704643";3;"SUNDAY";511;5;5;7
"69140V704643";3;"THURSDAY";380;4;4;4
"69140V704643";3;"TUESDAY";209;5;5;2
"69140V704643";3;"WEDNESDAY";254;4;4;3
"69140V704643";4;"FRIDAY";95;4;4;5
"69140V704643";4;"MONDAY";102;4;4;1
"69140V704643";4;"SATURDAY";52;4;4;6
"69140V704643";4;"SUNDAY";76;4;4;7
"69140V704643";4;"THURSDAY";117;5;5;4
"69140V704643";4;"TUESDAY";122;4;4;2
"69140V704643";4;"WEDNESDAY";119;5;5;3
"69140V704643";5;"FRIDAY";120;5;5;5
"69140V704643";5;"MONDAY";140;4;4;1
"69140V704643";5;"SATURDAY";83;5;5;6
"69140V704643";5;"SUNDAY";113;5;5;7
"69140V704643";5;"THURSDAY";143;4;4;4
"69140V704643";5;"TUESDAY";145;4;4;2
"69140V704643";5;"WEDNESDAY";152;4;4;3
"69140V704643";6;"FRIDAY";169;4;4;5
"69140V704643";6;"MONDAY";169;5;5;1
"69140V704643";6;"SATURDAY";102;4;4;6
"69140V704643";6;"SUNDAY";138;4;4;7
"69140V704643";6;"THURSDAY";192;4;4;4
"69140V704643";6;"TUESDAY";192;5;5;2
"69140V704643";6;"WEDNESDAY";189;4;4;3
"69140V704643";7;"FRIDAY";196;4;5;5
"69140V704643";7;"MONDAY";175;4;4;1
"69140V704643";7;"SATURDAY";150;4;4;6
"69140V704643";7;"SUNDAY";160;4;4;7
"69140V704643";7;"THURSDAY";191;5;5;4
"69140V704643";7;"TUESDAY";198;4;4;2
"69140V704643";7;"WEDNESDAY";182;5;5;3
"69140V704643";8;"FRIDAY";266;4;4;5
"69140V704643";8;"MONDAY";226;5;5;1
"69140V704643";8;"SATURDAY";158;5;5;6
"69140V704643";8;"SUNDAY";195;5;5;7
"69140V704643";8;"THURSDAY";252;3;4;4
"69140V704643";8;"TUESDAY";221;4;4;2
"69140V704643";8;"WEDNESDAY";235;3;4;3
"69140V704643";9;"FRIDAY";238;4;4;5
"69140V704643";9;"MONDAY";218;4;4;1
"69140V704643";9;"SATURDAY";148;4;4;6
"69140V704643";9;"SUNDAY";189;4;4;7
"69140V704643";9;"THURSDAY";242;4;4;4
"69140V704643";9;"TUESDAY";214;5;5;2
"69140V704643";9;"WEDNESDAY";201;5;5;3
"69140V704643";10;"FRIDAY";199;5;5;5
"69140V704643";10;"MONDAY";179;4;4;1
"69140V704643";10;"SATURDAY";114;5;5;6
"69140V704643";10;"SUNDAY";163;4;4;7
"69140V704643";10;"THURSDAY";196;5;5;4
"69140V704643";10;"TUESDAY";164;4;4;2
"69140V704643";10;"WEDNESDAY";164;4;4;3
"69140V704643";11;"FRIDAY";145;4;4;5
"69140V704643";11;"MONDAY";142;5;5;1
"69140V704643";11;"SATURDAY";80;4;4;6
"69140V704643";11;"SUNDAY";114;5;5;7
"69140V704643";11;"THURSDAY";191;4;4;4
"69140V704643";11;"TUESDAY";166;4;4;2
"69140V704643";11;"WEDNESDAY";164;4;4;3
"69140V704643";12;"FRIDAY";122;4;4;5
"69140V704643";12;"MONDAY";114;4;4;1
"69140V704643";12;"SATURDAY";89;4;4;6
"69140V704643";12;"SUNDAY";111;4;4;7
"69140V704643";12;"THURSDAY";118;5;5;4
"69140V704643";12;"TUESDAY";146;5;5;2
"69140V704643";12;"WEDNESDAY";129;5;5;3
"76778V704564";1;"FRIDAY";7821;5;5;5
"76778V704564";1;"MONDAY";5611;4;4;1
"76778V704564";1;"SATURDAY";7874;4;4;6
"76778V704564";1;"SUNDAY";5508;4;4;7
"76778V704564";1;"THURSDAY";6354;5;5;4
"76778V704564";1;"TUESDAY";5942;4;4;2
"76778V704564";1;"WEDNESDAY";5357;5;5;3
"76778V704564";2;"FRIDAY";9442;4;4;5
"76778V704564";2;"MONDAY";6514;4;4;1
"76778V704564";2;"SATURDAY";9261;5;5;6
"76778V704564";2;"SUNDAY";6197;4;4;7
"76778V704564";2;"THURSDAY";7711;4;4;4
"76778V704564";2;"TUESDAY";6382;4;4;2
"76778V704564";2;"WEDNESDAY";7400;4;4;3
"76778V704564";3;"FRIDAY";5092;4;4;5
"76778V704564";3;"MONDAY";3844;5;5;1
"76778V704564";3;"SATURDAY";4101;4;4;6
"76778V704564";3;"SUNDAY";3459;5;5;7
"76778V704564";3;"THURSDAY";5363;4;4;4
"76778V704564";3;"TUESDAY";3424;5;5;2
"76778V704564";3;"WEDNESDAY";3808;4;4;3
"76778V704564";4;"FRIDAY";1326;4;4;5
"76778V704564";4;"MONDAY";1502;4;4;1
"76778V704564";4;"SATURDAY";627;4;4;6
"76778V704564";4;"SUNDAY";694;4;4;7
"76778V704564";4;"THURSDAY";1615;5;5;4
"76778V704564";4;"TUESDAY";1668;4;4;2
"76778V704564";4;"WEDNESDAY";1701;5;5;3
"76778V704564";5;"FRIDAY";1681;5;5;5
"76778V704564";5;"MONDAY";1950;4;4;1
"76778V704564";5;"SATURDAY";858;5;5;6
"76778V704564";5;"SUNDAY";912;5;5;7
"76778V704564";5;"THURSDAY";1845;4;4;4
"76778V704564";5;"TUESDAY";1909;4;4;2
"76778V704564";5;"WEDNESDAY";2026;4;4;3
"76778V704564";6;"FRIDAY";1982;4;4;5
"76778V704564";6;"MONDAY";1966;5;5;1
"76778V704564";6;"SATURDAY";1001;4;4;6
"76778V704564";6;"SUNDAY";1131;4;4;7
"76778V704564";6;"THURSDAY";2182;4;4;4
"76778V704564";6;"TUESDAY";2078;5;5;2
"76778V704564";6;"WEDNESDAY";2064;4;4;3
"76778V704564";7;"FRIDAY";3251;5;5;5
"76778V704564";7;"MONDAY";3626;4;4;1
"76778V704564";7;"SATURDAY";2622;4;4;6
"76778V704564";7;"SUNDAY";2628;4;4;7
"76778V704564";7;"THURSDAY";3141;5;5;4
"76778V704564";7;"TUESDAY";3948;4;4;2
"76778V704564";7;"WEDNESDAY";3325;5;5;3
"76778V704564";8;"FRIDAY";5259;4;4;5
"76778V704564";8;"MONDAY";4051;5;5;1
"76778V704564";8;"SATURDAY";3006;5;5;6
"76778V704564";8;"SUNDAY";3129;5;5;7
"76778V704564";8;"THURSDAY";5373;4;4;4
"76778V704564";8;"TUESDAY";4622;4;4;2
"76778V704564";8;"WEDNESDAY";5216;4;4;3
"76778V704564";9;"FRIDAY";5464;4;4;5
"76778V704564";9;"MONDAY";4886;4;4;1
"76778V704564";9;"SATURDAY";5482;4;4;6
"76778V704564";9;"SUNDAY";4485;4;4;7
"76778V704564";9;"THURSDAY";4706;4;4;4
"76778V704564";9;"TUESDAY";4442;5;5;2
"76778V704564";9;"WEDNESDAY";4590;5;5;3
"76778V704564";10;"FRIDAY";4396;5;5;5
"76778V704564";10;"MONDAY";2846;4;4;1
"76778V704564";10;"SATURDAY";1844;5;5;6
"76778V704564";10;"SUNDAY";1976;4;4;7
"76778V704564";10;"THURSDAY";4049;5;5;4
"76778V704564";10;"TUESDAY";2898;4;4;2
"76778V704564";10;"WEDNESDAY";3124;4;4;3
"76778V704564";11;"FRIDAY";1820;4;4;5
"76778V704564";11;"MONDAY";1928;5;5;1
"76778V704564";11;"SATURDAY";784;4;4;6
"76778V704564";11;"SUNDAY";1017;5;5;7
"76778V704564";11;"THURSDAY";2104;4;4;4
"76778V704564";11;"TUESDAY";1884;4;4;2
"76778V704564";11;"WEDNESDAY";1874;4;4;3
"76778V704564";12;"FRIDAY";1428;4;4;5
"76778V704564";12;"MONDAY";1723;4;4;1
"76778V704564";12;"SATURDAY";772;4;4;6
"76778V704564";12;"SUNDAY";870;4;4;7
"76778V704564";12;"THURSDAY";1415;5;5;4
"76778V704564";12;"TUESDAY";1649;5;5;2
"76778V704564";12;"WEDNESDAY";1542;5;5;3
"77275V885276";1;"FRIDAY";354;4;5;5
"77275V885276";1;"MONDAY";131;4;4;1
"77275V885276";1;"SATURDAY";406;4;4;6
"77275V885276";1;"SUNDAY";389;4;4;7
"77275V885276";1;"THURSDAY";185;5;5;4
"77275V885276";1;"TUESDAY";124;4;4;2
"77275V885276";1;"WEDNESDAY";178;5;5;3
"77275V885276";2;"FRIDAY";458;4;4;5
"77275V885276";2;"MONDAY";183;4;4;1
"77275V885276";2;"SATURDAY";642;5;5;6
"77275V885276";2;"SUNDAY";378;4;4;7
"77275V885276";2;"THURSDAY";271;3;4;4
"77275V885276";2;"TUESDAY";190;4;4;2
"77275V885276";2;"WEDNESDAY";232;4;4;3
"77275V885276";3;"FRIDAY";366;4;4;5
"77275V885276";3;"MONDAY";188;5;5;1
"77275V885276";3;"SATURDAY";491;4;4;6
"77275V885276";3;"SUNDAY";415;5;5;7
"77275V885276";3;"THURSDAY";281;4;4;4
"77275V885276";3;"TUESDAY";170;5;5;2
"77275V885276";3;"WEDNESDAY";214;4;4;3
"77275V885276";4;"FRIDAY";102;4;4;5
"77275V885276";4;"MONDAY";112;4;4;1
"77275V885276";4;"SATURDAY";116;4;4;6
"77275V885276";4;"SUNDAY";113;4;4;7
"77275V885276";4;"THURSDAY";115;5;5;4
"77275V885276";4;"TUESDAY";110;4;4;2
"77275V885276";4;"WEDNESDAY";115;5;5;3
"77275V885276";5;"FRIDAY";131;5;5;5
"77275V885276";5;"MONDAY";110;4;4;1
"77275V885276";5;"SATURDAY";111;5;5;6
"77275V885276";5;"SUNDAY";101;5;5;7
"77275V885276";5;"THURSDAY";112;4;4;4
"77275V885276";5;"TUESDAY";110;4;4;2
"77275V885276";5;"WEDNESDAY";119;4;4;3
"77275V885276";6;"FRIDAY";148;4;4;5
"77275V885276";6;"MONDAY";147;5;5;1
"77275V885276";6;"SATURDAY";126;4;4;6
"77275V885276";6;"SUNDAY";153;4;4;7
"77275V885276";6;"THURSDAY";130;4;4;4
"77275V885276";6;"TUESDAY";137;5;5;2
"77275V885276";6;"WEDNESDAY";128;4;4;3
"77275V885276";7;"FRIDAY";183;5;5;5
"77275V885276";7;"MONDAY";178;4;4;1
"77275V885276";7;"SATURDAY";175;4;4;6
"77275V885276";7;"SUNDAY";182;4;4;7
"77275V885276";7;"THURSDAY";166;5;5;4
"77275V885276";7;"TUESDAY";169;4;4;2
"77275V885276";7;"WEDNESDAY";168;5;5;3
"77275V885276";8;"FRIDAY";318;4;4;5
"77275V885276";8;"MONDAY";216;5;5;1
"77275V885276";8;"SATURDAY";352;5;5;6
"77275V885276";8;"SUNDAY";310;5;5;7
"77275V885276";8;"THURSDAY";251;4;4;4
"77275V885276";8;"TUESDAY";210;4;4;2
"77275V885276";8;"WEDNESDAY";236;4;4;3
"77275V885276";9;"FRIDAY";401;4;4;5
"77275V885276";9;"MONDAY";229;4;4;1
"77275V885276";9;"SATURDAY";462;4;4;6
"77275V885276";9;"SUNDAY";399;4;4;7
"77275V885276";9;"THURSDAY";290;4;4;4
"77275V885276";9;"TUESDAY";218;5;5;2
"77275V885276";9;"WEDNESDAY";266;5;5;3
"77275V885276";10;"FRIDAY";319;5;5;5
"77275V885276";10;"MONDAY";142;4;4;1
"77275V885276";10;"SATURDAY";198;5;5;6
"77275V885276";10;"SUNDAY";222;4;4;7
"77275V885276";10;"THURSDAY";214;5;5;4
"77275V885276";10;"TUESDAY";164;4;4;2
"77275V885276";10;"WEDNESDAY";200;4;4;3
"77275V885276";11;"FRIDAY";126;4;4;5
"77275V885276";11;"MONDAY";101;5;5;1
"77275V885276";11;"SATURDAY";111;4;4;6
"77275V885276";11;"SUNDAY";105;5;5;7
"77275V885276";11;"THURSDAY";110;4;4;4
"77275V885276";11;"TUESDAY";123;4;4;2
"77275V885276";11;"WEDNESDAY";109;4;4;3
"77275V885276";12;"FRIDAY";104;4;4;5
"77275V885276";12;"MONDAY";99;4;4;1
"77275V885276";12;"SATURDAY";92;4;4;6
"77275V885276";12;"SUNDAY";92;4;4;7
"77275V885276";12;"THURSDAY";91;5;5;4
"77275V885276";12;"TUESDAY";107;5;5;2
"77275V885276";12;"WEDNESDAY";111;5;5;3
"84237V578097";1;"FRIDAY";1845;5;5;5
"84237V578097";1;"MONDAY";873;4;4;1
"84237V578097";1;"SATURDAY";1826;4;4;6
"84237V578097";1;"SUNDAY";2120;4;4;7
"84237V578097";1;"THURSDAY";1347;5;5;4
"84237V578097";1;"TUESDAY";878;4;4;2
"84237V578097";1;"WEDNESDAY";978;5;5;3
"84237V578097";2;"FRIDAY";2385;4;4;5
"84237V578097";2;"MONDAY";1045;4;4;1
"84237V578097";2;"SATURDAY";2496;5;5;6
"84237V578097";2;"SUNDAY";2464;4;4;7
"84237V578097";2;"THURSDAY";1519;4;4;4
"84237V578097";2;"TUESDAY";1210;4;4;2
"84237V578097";2;"WEDNESDAY";1453;4;4;3
"84237V578097";3;"FRIDAY";1132;4;4;5
"84237V578097";3;"MONDAY";682;5;5;1
"84237V578097";3;"SATURDAY";1136;4;4;6
"84237V578097";3;"SUNDAY";1339;5;5;7
"84237V578097";3;"THURSDAY";967;4;4;4
"84237V578097";3;"TUESDAY";572;5;5;2
"84237V578097";3;"WEDNESDAY";699;4;4;3
"84237V578097";4;"FRIDAY";197;4;4;5
"84237V578097";4;"MONDAY";263;4;4;1
"84237V578097";4;"SATURDAY";174;4;4;6
"84237V578097";4;"SUNDAY";231;4;4;7
"84237V578097";4;"THURSDAY";232;5;5;4
"84237V578097";4;"TUESDAY";276;4;4;2
"84237V578097";4;"WEDNESDAY";248;5;5;3
"84237V578097";5;"FRIDAY";217;5;5;5
"84237V578097";5;"MONDAY";252;4;4;1
"84237V578097";5;"SATURDAY";123;5;5;6
"84237V578097";5;"SUNDAY";179;5;5;7
"84237V578097";5;"THURSDAY";232;4;4;4
"84237V578097";5;"TUESDAY";245;4;4;2
"84237V578097";5;"WEDNESDAY";261;4;4;3
"84237V578097";6;"FRIDAY";266;4;4;5
"84237V578097";6;"MONDAY";320;5;5;1
"84237V578097";6;"SATURDAY";181;4;4;6
"84237V578097";6;"SUNDAY";252;4;4;7
"84237V578097";6;"THURSDAY";307;4;4;4
"84237V578097";6;"TUESDAY";314;5;5;2
"84237V578097";6;"WEDNESDAY";317;4;4;3
"84237V578097";7;"FRIDAY";284;5;5;5
"84237V578097";7;"MONDAY";289;4;4;1
"84237V578097";7;"SATURDAY";228;4;4;6
"84237V578097";7;"SUNDAY";235;4;4;7
"84237V578097";7;"THURSDAY";298;5;5;4
"84237V578097";7;"TUESDAY";274;4;4;2
"84237V578097";7;"WEDNESDAY";285;5;5;3
"84237V578097";8;"FRIDAY";288;4;4;5
"84237V578097";8;"MONDAY";312;5;5;1
"84237V578097";8;"SATURDAY";249;5;5;6
"84237V578097";8;"SUNDAY";300;5;5;7
"84237V578097";8;"THURSDAY";327;4;4;4
"84237V578097";8;"TUESDAY";298;4;4;2
"84237V578097";8;"WEDNESDAY";316;4;4;3
"84237V578097";9;"FRIDAY";1020;4;4;5
"84237V578097";9;"MONDAY";499;4;4;1
"84237V578097";9;"SATURDAY";601;4;4;6
"84237V578097";9;"SUNDAY";656;4;4;7
"84237V578097";9;"THURSDAY";696;4;4;4
"84237V578097";9;"TUESDAY";543;5;5;2
"84237V578097";9;"WEDNESDAY";567;5;5;3
"84237V578097";10;"FRIDAY";328;5;5;5
"84237V578097";10;"MONDAY";282;4;4;1
"84237V578097";10;"SATURDAY";283;5;5;6
"84237V578097";10;"SUNDAY";300;4;4;7
"84237V578097";10;"THURSDAY";341;5;5;4
"84237V578097";10;"TUESDAY";281;4;4;2
"84237V578097";10;"WEDNESDAY";284;4;4;3
"84237V578097";11;"FRIDAY";252;4;4;5
"84237V578097";11;"MONDAY";248;5;5;1
"84237V578097";11;"SATURDAY";230;4;4;6
"84237V578097";11;"SUNDAY";274;5;5;7
"84237V578097";11;"THURSDAY";268;4;4;4
"84237V578097";11;"TUESDAY";250;4;4;2
"84237V578097";11;"WEDNESDAY";250;4;4;3
"84237V578097";12;"FRIDAY";200;4;4;5
"84237V578097";12;"MONDAY";243;4;4;1
"84237V578097";12;"SATURDAY";188;4;4;6
"84237V578097";12;"SUNDAY";257;4;4;7
"84237V578097";12;"THURSDAY";184;5;5;4
"84237V578097";12;"TUESDAY";231;5;5;2
"84237V578097";12;"WEDNESDAY";218;5;5;3
"85233V930344";1;"FRIDAY";309;5;5;5
"85233V930344";1;"MONDAY";217;4;4;1
"85233V930344";1;"SATURDAY";230;4;4;6
"85233V930344";1;"SUNDAY";285;4;4;7
"85233V930344";1;"THURSDAY";306;5;5;4
"85233V930344";1;"TUESDAY";232;4;4;2
"85233V930344";1;"WEDNESDAY";254;5;5;3
"85233V930344";2;"FRIDAY";319;4;4;5
"85233V930344";2;"MONDAY";249;4;4;1
"85233V930344";2;"SATURDAY";242;5;5;6
"85233V930344";2;"SUNDAY";322;4;4;7
"85233V930344";2;"THURSDAY";330;4;4;4
"85233V930344";2;"TUESDAY";230;4;4;2
"85233V930344";2;"WEDNESDAY";296;4;4;3
"85233V930344";3;"FRIDAY";219;4;4;5
"85233V930344";3;"MONDAY";200;5;5;1
"85233V930344";3;"SATURDAY";169;4;4;6
"85233V930344";3;"SUNDAY";231;5;5;7
"85233V930344";3;"THURSDAY";225;4;4;4
"85233V930344";3;"TUESDAY";198;5;5;2
"85233V930344";3;"WEDNESDAY";216;4;4;3
"85233V930344";4;"FRIDAY";98;4;4;5
"85233V930344";4;"MONDAY";92;4;4;1
"85233V930344";4;"SATURDAY";72;4;4;6
"85233V930344";4;"SUNDAY";92;4;4;7
"85233V930344";4;"THURSDAY";111;5;5;4
"85233V930344";4;"TUESDAY";99;4;4;2
"85233V930344";4;"WEDNESDAY";131;5;5;3
"85233V930344";5;"FRIDAY";120;5;5;5
"85233V930344";5;"MONDAY";124;4;4;1
"85233V930344";5;"SATURDAY";79;5;5;6
"85233V930344";5;"SUNDAY";104;5;5;7
"85233V930344";5;"THURSDAY";139;4;4;4
"85233V930344";5;"TUESDAY";118;4;4;2
"85233V930344";5;"WEDNESDAY";143;4;4;3
"85233V930344";6;"FRIDAY";309;4;4;5
"85233V930344";6;"MONDAY";262;5;5;1
"85233V930344";6;"SATURDAY";240;4;4;6
"85233V930344";6;"SUNDAY";251;4;4;7
"85233V930344";6;"THURSDAY";294;4;4;4
"85233V930344";6;"TUESDAY";286;5;5;2
"85233V930344";6;"WEDNESDAY";276;4;4;3
"85233V930344";7;"FRIDAY";645;5;5;5
"85233V930344";7;"MONDAY";593;4;4;1
"85233V930344";7;"SATURDAY";596;4;4;6
"85233V930344";7;"SUNDAY";546;4;4;7
"85233V930344";7;"THURSDAY";598;5;5;4
"85233V930344";7;"TUESDAY";617;4;4;2
"85233V930344";7;"WEDNESDAY";584;5;5;3
"85233V930344";8;"FRIDAY";462;4;4;5
"85233V930344";8;"MONDAY";356;5;5;1
"85233V930344";8;"SATURDAY";462;5;5;6
"85233V930344";8;"SUNDAY";443;5;5;7
"85233V930344";8;"THURSDAY";455;4;4;4
"85233V930344";8;"TUESDAY";393;4;4;2
"85233V930344";8;"WEDNESDAY";422;4;4;3
"85233V930344";9;"FRIDAY";299;4;4;5
"85233V930344";9;"MONDAY";222;4;4;1
"85233V930344";9;"SATURDAY";267;4;4;6
"85233V930344";9;"SUNDAY";276;4;4;7
"85233V930344";9;"THURSDAY";273;4;4;4
"85233V930344";9;"TUESDAY";223;5;5;2
"85233V930344";9;"WEDNESDAY";241;5;5;3
"85233V930344";10;"FRIDAY";181;5;5;5
"85233V930344";10;"MONDAY";132;4;4;1
"85233V930344";10;"SATURDAY";129;5;5;6
"85233V930344";10;"SUNDAY";149;4;4;7
"85233V930344";10;"THURSDAY";189;5;5;4
"85233V930344";10;"TUESDAY";162;4;4;2
"85233V930344";10;"WEDNESDAY";162;4;4;3
"85233V930344";11;"FRIDAY";152;4;4;5
"85233V930344";11;"MONDAY";123;5;5;1
"85233V930344";11;"SATURDAY";111;4;4;6
"85233V930344";11;"SUNDAY";119;5;5;7
"85233V930344";11;"THURSDAY";147;4;4;4
"85233V930344";11;"TUESDAY";136;4;4;2
"85233V930344";11;"WEDNESDAY";134;4;4;3
"85233V930344";12;"FRIDAY";163;4;4;5
"85233V930344";12;"MONDAY";117;4;4;1
"85233V930344";12;"SATURDAY";98;4;4;6
"85233V930344";12;"SUNDAY";106;4;4;7
"85233V930344";12;"THURSDAY";134;5;5;4
"85233V930344";12;"TUESDAY";141;5;5;2
"85233V930344";12;"WEDNESDAY";147;5;5;3
"93561V578187";1;"FRIDAY";98;5;5;5
"93561V578187";1;"MONDAY";77;4;4;1
"93561V578187";1;"SATURDAY";67;4;4;6
"93561V578187";1;"SUNDAY";58;4;4;7
"93561V578187";1;"THURSDAY";73;5;5;4
"93561V578187";1;"TUESDAY";60;4;4;2
"93561V578187";1;"WEDNESDAY";59;5;5;3
"93561V578187";2;"FRIDAY";101;4;4;5
"93561V578187";2;"MONDAY";79;4;4;1
"93561V578187";2;"SATURDAY";68;5;5;6
"93561V578187";2;"SUNDAY";68;4;4;7
"93561V578187";2;"THURSDAY";82;4;4;4
"93561V578187";2;"TUESDAY";78;4;4;2
"93561V578187";2;"WEDNESDAY";154;4;4;3
"93561V578187";3;"FRIDAY";70;4;4;5
"93561V578187";3;"MONDAY";62;5;5;1
"93561V578187";3;"SATURDAY";33;4;4;6
"93561V578187";3;"SUNDAY";34;5;5;7
"93561V578187";3;"THURSDAY";61;4;4;4
"93561V578187";3;"TUESDAY";45;5;5;2
"93561V578187";3;"WEDNESDAY";58;4;4;3
"93561V578187";4;"FRIDAY";30;4;4;5
"93561V578187";4;"MONDAY";34;4;4;1
"93561V578187";4;"SATURDAY";19;4;4;6
"93561V578187";4;"SUNDAY";17;4;4;7
"93561V578187";4;"THURSDAY";29;5;5;4
"93561V578187";4;"TUESDAY";33;4;4;2
"93561V578187";4;"WEDNESDAY";38;4;5;3
"93561V578187";5;"FRIDAY";40;5;5;5
"93561V578187";5;"MONDAY";42;4;4;1
"93561V578187";5;"SATURDAY";25;5;5;6
"93561V578187";5;"SUNDAY";31;5;5;7
"93561V578187";5;"THURSDAY";42;4;4;4
"93561V578187";5;"TUESDAY";45;4;4;2
"93561V578187";5;"WEDNESDAY";48;4;4;3
"93561V578187";6;"FRIDAY";52;3;4;5
"93561V578187";6;"MONDAY";61;5;5;1
"93561V578187";6;"SATURDAY";38;4;4;6
"93561V578187";6;"SUNDAY";49;4;4;7
"93561V578187";6;"THURSDAY";56;4;4;4
"93561V578187";6;"TUESDAY";62;5;5;2
"93561V578187";6;"WEDNESDAY";46;4;4;3
"93561V578187";7;"FRIDAY";63;5;5;5
"93561V578187";7;"MONDAY";54;4;4;1
"93561V578187";7;"SATURDAY";44;4;4;6
"93561V578187";7;"SUNDAY";39;4;4;7
"93561V578187";7;"THURSDAY";51;5;5;4
"93561V578187";7;"TUESDAY";51;4;4;2
"93561V578187";7;"WEDNESDAY";51;5;5;3
"93561V578187";8;"FRIDAY";71;4;4;5
"93561V578187";8;"MONDAY";73;5;5;1
"93561V578187";8;"SATURDAY";50;5;5;6
"93561V578187";8;"SUNDAY";55;5;5;7
"93561V578187";8;"THURSDAY";64;3;4;4
"93561V578187";8;"TUESDAY";63;4;4;2
"93561V578187";8;"WEDNESDAY";66;4;4;3
"93561V578187";9;"FRIDAY";119;4;4;5
"93561V578187";9;"MONDAY";72;4;4;1
"93561V578187";9;"SATURDAY";73;4;4;6
"93561V578187";9;"SUNDAY";68;4;4;7
"93561V578187";9;"THURSDAY";91;4;4;4
"93561V578187";9;"TUESDAY";67;5;5;2
"93561V578187";9;"WEDNESDAY";80;5;5;3
"93561V578187";10;"FRIDAY";64;5;5;5
"93561V578187";10;"MONDAY";53;4;4;1
"93561V578187";10;"SATURDAY";36;5;5;6
"93561V578187";10;"SUNDAY";46;4;4;7
"93561V578187";10;"THURSDAY";59;5;5;4
"93561V578187";10;"TUESDAY";49;4;4;2
"93561V578187";10;"WEDNESDAY";51;4;4;3
"93561V578187";11;"FRIDAY";47;4;4;5
"93561V578187";11;"MONDAY";46;5;5;1
"93561V578187";11;"SATURDAY";20;4;4;6
"93561V578187";11;"SUNDAY";30;5;5;7
"93561V578187";11;"THURSDAY";51;4;4;4
"93561V578187";11;"TUESDAY";35;4;4;2
"93561V578187";11;"WEDNESDAY";37;4;4;3
"93561V578187";12;"FRIDAY";44;4;4;5
"93561V578187";12;"MONDAY";35;4;4;1
"93561V578187";12;"SATURDAY";16;4;4;6
"93561V578187";12;"SUNDAY";24;4;4;7
"93561V578187";12;"THURSDAY";35;5;5;4
"93561V578187";12;"TUESDAY";43;5;5;2
"93561V578187";12;"WEDNESDAY";35;5;5;3
"94299V704696";1;"FRIDAY";303;5;5;5
"94299V704696";1;"MONDAY";202;4;4;1
"94299V704696";1;"SATURDAY";212;4;4;6
"94299V704696";1;"SUNDAY";130;4;4;7
"94299V704696";1;"THURSDAY";211;5;5;4
"94299V704696";1;"TUESDAY";199;4;4;2
"94299V704696";1;"WEDNESDAY";199;5;5;3
"94299V704696";2;"FRIDAY";618;4;4;5
"94299V704696";2;"MONDAY";239;4;4;1
"94299V704696";2;"SATURDAY";486;5;5;6
"94299V704696";2;"SUNDAY";186;4;4;7
"94299V704696";2;"THURSDAY";282;4;4;4
"94299V704696";2;"TUESDAY";222;4;4;2
"94299V704696";2;"WEDNESDAY";296;4;4;3
"94299V704696";3;"FRIDAY";214;4;4;5
"94299V704696";3;"MONDAY";180;5;5;1
"94299V704696";3;"SATURDAY";182;4;4;6
"94299V704696";3;"SUNDAY";97;5;5;7
"94299V704696";3;"THURSDAY";168;4;4;4
"94299V704696";3;"TUESDAY";137;5;5;2
"94299V704696";3;"WEDNESDAY";163;4;4;3
"94299V704696";4;"FRIDAY";71;4;4;5
"94299V704696";4;"MONDAY";83;4;4;1
"94299V704696";4;"SATURDAY";46;4;4;6
"94299V704696";4;"SUNDAY";45;3;4;7
"94299V704696";4;"THURSDAY";80;5;5;4
"94299V704696";4;"TUESDAY";78;4;4;2
"94299V704696";4;"WEDNESDAY";85;5;5;3
"94299V704696";5;"FRIDAY";87;5;5;5
"94299V704696";5;"MONDAY";85;4;4;1
"94299V704696";5;"SATURDAY";81;5;5;6
"94299V704696";5;"SUNDAY";75;5;5;7
"94299V704696";5;"THURSDAY";100;4;4;4
"94299V704696";5;"TUESDAY";80;4;4;2
"94299V704696";5;"WEDNESDAY";91;4;4;3
"94299V704696";6;"FRIDAY";108;4;4;5
"94299V704696";6;"MONDAY";103;5;5;1
"94299V704696";6;"SATURDAY";89;4;4;6
"94299V704696";6;"SUNDAY";80;4;4;7
"94299V704696";6;"THURSDAY";120;4;4;4
"94299V704696";6;"TUESDAY";98;5;5;2
"94299V704696";6;"WEDNESDAY";107;4;4;3
"94299V704696";7;"FRIDAY";175;5;5;5
"94299V704696";7;"MONDAY";184;4;4;1
"94299V704696";7;"SATURDAY";174;4;4;6
"94299V704696";7;"SUNDAY";130;4;4;7
"94299V704696";7;"THURSDAY";144;5;5;4
"94299V704696";7;"TUESDAY";167;3;4;2
"94299V704696";7;"WEDNESDAY";143;5;5;3
"94299V704696";8;"FRIDAY";420;4;4;5
"94299V704696";8;"MONDAY";224;5;5;1
"94299V704696";8;"SATURDAY";212;5;5;6
"94299V704696";8;"SUNDAY";170;5;5;7
"94299V704696";8;"THURSDAY";306;4;4;4
"94299V704696";8;"TUESDAY";236;4;4;2
"94299V704696";8;"WEDNESDAY";317;4;4;3
"94299V704696";9;"FRIDAY";349;4;4;5
"94299V704696";9;"MONDAY";243;4;4;1
"94299V704696";9;"SATURDAY";364;4;4;6
"94299V704696";9;"SUNDAY";203;4;4;7
"94299V704696";9;"THURSDAY";240;4;4;4
"94299V704696";9;"TUESDAY";216;5;5;2
"94299V704696";9;"WEDNESDAY";290;5;5;3
"94299V704696";10;"FRIDAY";299;5;5;5
"94299V704696";10;"MONDAY";158;4;4;1
"94299V704696";10;"SATURDAY";118;5;5;6
"94299V704696";10;"SUNDAY";110;4;4;7
"94299V704696";10;"THURSDAY";186;4;5;4
"94299V704696";10;"TUESDAY";141;4;4;2
"94299V704696";10;"WEDNESDAY";210;4;4;3
"94299V704696";11;"FRIDAY";126;4;4;5
"94299V704696";11;"MONDAY";107;5;5;1
"94299V704696";11;"SATURDAY";76;4;4;6
"94299V704696";11;"SUNDAY";81;5;5;7
"94299V704696";11;"THURSDAY";120;4;4;4
"94299V704696";11;"TUESDAY";113;4;4;2
"94299V704696";11;"WEDNESDAY";116;4;4;3
"94299V704696";12;"FRIDAY";106;4;4;5
"94299V704696";12;"MONDAY";126;4;4;1
"94299V704696";12;"SATURDAY";69;4;4;6
"94299V704696";12;"SUNDAY";74;4;4;7
"94299V704696";12;"THURSDAY";97;5;5;4
"94299V704696";12;"TUESDAY";105;5;5;2
"94299V704696";12;"WEDNESDAY";116;5;5;3
"94864V704707";1;"FRIDAY";427;5;5;5
"94864V704707";1;"MONDAY";230;4;4;1
"94864V704707";1;"SATURDAY";240;4;4;6
"94864V704707";1;"SUNDAY";198;4;4;7
"94864V704707";1;"THURSDAY";308;5;5;4
"94864V704707";1;"TUESDAY";253;4;4;2
"94864V704707";1;"WEDNESDAY";248;5;5;3
"94864V704707";2;"FRIDAY";504;4;4;5
"94864V704707";2;"MONDAY";258;4;4;1
"94864V704707";2;"SATURDAY";340;5;5;6
"94864V704707";2;"SUNDAY";278;4;4;7
"94864V704707";2;"THURSDAY";345;4;4;4
"94864V704707";2;"TUESDAY";270;4;4;2
"94864V704707";2;"WEDNESDAY";304;4;4;3
"94864V704707";3;"FRIDAY";288;4;4;5
"94864V704707";3;"MONDAY";186;5;5;1
"94864V704707";3;"SATURDAY";192;4;4;6
"94864V704707";3;"SUNDAY";164;5;5;7
"94864V704707";3;"THURSDAY";226;4;4;4
"94864V704707";3;"TUESDAY";150;5;5;2
"94864V704707";3;"WEDNESDAY";162;4;4;3
"94864V704707";4;"FRIDAY";72;4;4;5
"94864V704707";4;"MONDAY";77;4;4;1
"94864V704707";4;"SATURDAY";44;4;4;6
"94864V704707";4;"SUNDAY";48;4;4;7
"94864V704707";4;"THURSDAY";84;5;5;4
"94864V704707";4;"TUESDAY";78;4;4;2
"94864V704707";4;"WEDNESDAY";67;5;5;3
"94864V704707";5;"FRIDAY";79;5;5;5
"94864V704707";5;"MONDAY";84;4;4;1
"94864V704707";5;"SATURDAY";48;4;5;6
"94864V704707";5;"SUNDAY";65;5;5;7
"94864V704707";5;"THURSDAY";88;4;4;4
"94864V704707";5;"TUESDAY";90;4;4;2
"94864V704707";5;"WEDNESDAY";90;4;4;3
"94864V704707";6;"FRIDAY";89;4;4;5
"94864V704707";6;"MONDAY";95;4;5;1
"94864V704707";6;"SATURDAY";62;4;4;6
"94864V704707";6;"SUNDAY";76;3;4;7
"94864V704707";6;"THURSDAY";105;4;4;4
"94864V704707";6;"TUESDAY";99;4;5;2
"94864V704707";6;"WEDNESDAY";96;4;4;3
"94864V704707";11;"FRIDAY";84;4;4;5
"94864V704707";11;"MONDAY";74;4;5;1
"94864V704707";11;"SATURDAY";54;4;4;6
"94864V704707";11;"SUNDAY";52;4;5;7
"94864V704707";11;"THURSDAY";89;4;4;4
"94864V704707";11;"TUESDAY";73;3;4;2
"94864V704707";11;"WEDNESDAY";73;4;4;3
"94864V704707";12;"FRIDAY";69;4;4;5
"94864V704707";12;"MONDAY";86;4;4;1
"94864V704707";12;"SATURDAY";57;4;4;6
"94864V704707";12;"SUNDAY";58;4;4;7
"94864V704707";12;"THURSDAY";75;5;5;4
"94864V704707";12;"TUESDAY";80;5;5;2
"94864V704707";12;"WEDNESDAY";76;5;5;3
"97351V930305";1;"FRIDAY";73;5;5;5
"97351V930305";1;"MONDAY";58;4;4;1
"97351V930305";1;"SATURDAY";43;4;4;6
"97351V930305";1;"SUNDAY";60;4;4;7
"97351V930305";1;"THURSDAY";65;5;5;4
"97351V930305";1;"TUESDAY";54;4;4;2
"97351V930305";1;"WEDNESDAY";69;5;5;3
"97351V930305";2;"FRIDAY";68;4;4;5
"97351V930305";2;"MONDAY";62;4;4;1
"97351V930305";2;"SATURDAY";52;5;5;6
"97351V930305";2;"SUNDAY";64;4;4;7
"97351V930305";2;"THURSDAY";68;4;4;4
"97351V930305";2;"TUESDAY";66;4;4;2
"97351V930305";2;"WEDNESDAY";70;4;4;3
"97351V930305";3;"FRIDAY";44;4;4;5
"97351V930305";3;"MONDAY";44;5;5;1
"97351V930305";3;"SATURDAY";33;4;4;6
"97351V930305";3;"SUNDAY";44;5;5;7
"97351V930305";3;"THURSDAY";42;4;4;4
"97351V930305";3;"TUESDAY";34;5;5;2
"97351V930305";3;"WEDNESDAY";54;4;4;3
"97351V930305";4;"FRIDAY";15;4;4;5
"97351V930305";4;"MONDAY";16;4;4;1
"97351V930305";4;"SATURDAY";8;4;4;6
"97351V930305";4;"SUNDAY";22;4;4;7
"97351V930305";4;"THURSDAY";20;5;5;4
"97351V930305";4;"TUESDAY";20;4;4;2
"97351V930305";4;"WEDNESDAY";20;5;5;3
"97351V930305";5;"FRIDAY";37;5;5;5
"97351V930305";5;"MONDAY";47;4;4;1
"97351V930305";5;"SATURDAY";28;5;5;6
"97351V930305";5;"SUNDAY";34;5;5;7
"97351V930305";5;"THURSDAY";43;4;4;4
"97351V930305";5;"TUESDAY";41;4;4;2
"97351V930305";5;"WEDNESDAY";47;4;4;3
"97351V930305";6;"FRIDAY";118;4;4;5
"97351V930305";6;"MONDAY";115;5;5;1
"97351V930305";6;"SATURDAY";105;4;4;6
"97351V930305";6;"SUNDAY";97;4;4;7
"97351V930305";6;"THURSDAY";115;4;4;4
"97351V930305";6;"TUESDAY";116;5;5;2
"97351V930305";6;"WEDNESDAY";103;4;4;3
"97351V930305";7;"FRIDAY";298;5;5;5
"97351V930305";7;"MONDAY";305;4;4;1
"97351V930305";7;"SATURDAY";284;4;4;6
"97351V930305";7;"SUNDAY";269;4;4;7
"97351V930305";7;"THURSDAY";302;5;5;4
"97351V930305";7;"TUESDAY";328;4;4;2
"97351V930305";7;"WEDNESDAY";322;5;5;3
"97351V930305";8;"FRIDAY";152;4;4;5
"97351V930305";8;"MONDAY";160;5;5;1
"97351V930305";8;"SATURDAY";162;5;5;6
"97351V930305";8;"SUNDAY";155;5;5;7
"97351V930305";8;"THURSDAY";195;4;4;4
"97351V930305";8;"TUESDAY";176;4;4;2
"97351V930305";8;"WEDNESDAY";168;4;4;3
"97351V930305";9;"FRIDAY";102;4;4;5
"97351V930305";9;"MONDAY";91;4;4;1
"97351V930305";9;"SATURDAY";80;4;4;6
"97351V930305";9;"SUNDAY";98;4;4;7
"97351V930305";9;"THURSDAY";87;4;4;4
"97351V930305";9;"TUESDAY";65;5;5;2
"97351V930305";9;"WEDNESDAY";79;5;5;3
"97351V930305";10;"FRIDAY";53;5;5;5
"97351V930305";10;"MONDAY";50;4;4;1
"97351V930305";10;"SATURDAY";43;5;5;6
"97351V930305";10;"SUNDAY";60;4;4;7
"97351V930305";10;"THURSDAY";60;5;5;4
"97351V930305";10;"TUESDAY";55;4;4;2
"97351V930305";10;"WEDNESDAY";56;4;4;3
"97351V930305";11;"FRIDAY";35;4;4;5
"97351V930305";11;"MONDAY";35;5;5;1
"97351V930305";11;"SATURDAY";22;4;4;6
"97351V930305";11;"SUNDAY";40;5;5;7
"97351V930305";11;"THURSDAY";39;4;4;4
"97351V930305";11;"TUESDAY";32;4;4;2
"97351V930305";11;"WEDNESDAY";29;4;4;3
"97351V930305";12;"FRIDAY";40;4;4;5
"97351V930305";12;"MONDAY";37;4;4;1
"97351V930305";12;"SATURDAY";16;4;4;6
"97351V930305";12;"SUNDAY";28;4;4;7
"97351V930305";12;"THURSDAY";27;5;5;4
"97351V930305";12;"TUESDAY";27;5;5;2
"97351V930305";12;"WEDNESDAY";33;5;5;3
"97687V930620";1;"FRIDAY";451;5;5;5
"97687V930620";1;"MONDAY";374;4;4;1
"97687V930620";1;"SATURDAY";462;4;4;6
"97687V930620";1;"SUNDAY";282;4;4;7
"97687V930620";1;"THURSDAY";386;5;5;4
"97687V930620";1;"TUESDAY";346;4;4;2
"97687V930620";1;"WEDNESDAY";284;5;5;3
"97687V930620";2;"FRIDAY";412;4;4;5
"97687V930620";2;"MONDAY";383;4;4;1
"97687V930620";2;"SATURDAY";443;5;5;6
"97687V930620";2;"SUNDAY";291;4;4;7
"97687V930620";2;"THURSDAY";402;4;4;4
"97687V930620";2;"TUESDAY";347;4;4;2
"97687V930620";2;"WEDNESDAY";405;4;4;3
"97687V930620";3;"FRIDAY";162;4;4;5
"97687V930620";3;"MONDAY";211;5;5;1
"97687V930620";3;"SATURDAY";170;4;4;6
"97687V930620";3;"SUNDAY";131;5;5;7
"97687V930620";3;"THURSDAY";222;4;4;4
"97687V930620";3;"TUESDAY";176;5;5;2
"97687V930620";3;"WEDNESDAY";200;4;4;3
"97687V930620";4;"FRIDAY";52;4;4;5
"97687V930620";4;"MONDAY";54;4;4;1
"97687V930620";4;"SATURDAY";38;4;4;6
"97687V930620";4;"SUNDAY";38;4;4;7
"97687V930620";4;"THURSDAY";72;5;5;4
"97687V930620";4;"TUESDAY";80;4;4;2
"97687V930620";4;"WEDNESDAY";70;5;5;3
"97687V930620";5;"FRIDAY";62;5;5;5
"97687V930620";5;"MONDAY";66;4;4;1
"97687V930620";5;"SATURDAY";42;5;5;6
"97687V930620";5;"SUNDAY";34;5;5;7
"97687V930620";5;"THURSDAY";70;4;4;4
"97687V930620";5;"TUESDAY";66;4;4;2
"97687V930620";5;"WEDNESDAY";68;4;4;3
"97687V930620";6;"FRIDAY";88;4;4;5
"97687V930620";6;"MONDAY";69;5;5;1
"97687V930620";6;"SATURDAY";38;4;4;6
"97687V930620";6;"SUNDAY";36;4;4;7
"97687V930620";6;"THURSDAY";86;4;4;4
"97687V930620";6;"TUESDAY";92;5;5;2
"97687V930620";6;"WEDNESDAY";86;4;4;3
"97687V930620";7;"FRIDAY";79;5;5;5
"97687V930620";7;"MONDAY";58;4;4;1
"97687V930620";7;"SATURDAY";43;4;4;6
"97687V930620";7;"SUNDAY";36;4;4;7
"97687V930620";7;"THURSDAY";78;5;5;4
"97687V930620";7;"TUESDAY";64;4;4;2
"97687V930620";7;"WEDNESDAY";68;5;5;3
"97687V930620";8;"FRIDAY";96;4;4;5
"97687V930620";8;"MONDAY";79;5;5;1
"97687V930620";8;"SATURDAY";47;5;5;6
"97687V930620";8;"SUNDAY";41;5;5;7
"97687V930620";8;"THURSDAY";82;4;4;4
"97687V930620";8;"TUESDAY";88;4;4;2
"97687V930620";8;"WEDNESDAY";68;4;4;3
"97687V930620";9;"FRIDAY";104;4;4;5
"97687V930620";9;"MONDAY";92;4;4;1
"97687V930620";9;"SATURDAY";48;4;4;6
"97687V930620";9;"SUNDAY";42;4;4;7
"97687V930620";9;"THURSDAY";110;4;4;4
"97687V930620";9;"TUESDAY";113;5;5;2
"97687V930620";9;"WEDNESDAY";112;5;5;3
"97687V930620";10;"FRIDAY";105;5;5;5
"97687V930620";10;"MONDAY";102;4;4;1
"97687V930620";10;"SATURDAY";53;5;5;6
"97687V930620";10;"SUNDAY";51;4;4;7
"97687V930620";10;"THURSDAY";107;5;5;4
"97687V930620";10;"TUESDAY";125;4;4;2
"97687V930620";10;"WEDNESDAY";108;4;4;3
"97687V930620";11;"FRIDAY";109;4;4;5
"97687V930620";11;"MONDAY";104;5;5;1
"97687V930620";11;"SATURDAY";41;4;4;6
"97687V930620";11;"SUNDAY";46;5;5;7
"97687V930620";11;"THURSDAY";110;4;4;4
"97687V930620";11;"TUESDAY";129;4;4;2
"97687V930620";11;"WEDNESDAY";122;4;4;3
"97687V930620";12;"FRIDAY";77;4;4;5
"97687V930620";12;"MONDAY";90;4;4;1
"97687V930620";12;"SATURDAY";50;4;4;6
"97687V930620";12;"SUNDAY";44;4;4;7
"97687V930620";12;"THURSDAY";73;5;5;4
"97687V930620";12;"TUESDAY";106;5;5;2
"97687V930620";12;"WEDNESDAY";92;5;5;3
"99312V930442";1;"FRIDAY";626;5;5;5
"99312V930442";1;"MONDAY";304;4;4;1
"99312V930442";1;"SATURDAY";436;4;4;6
"99312V930442";1;"SUNDAY";230;4;4;7
"99312V930442";1;"THURSDAY";409;5;5;4
"99312V930442";1;"TUESDAY";360;4;4;2
"99312V930442";1;"WEDNESDAY";283;5;5;3
"99312V930442";2;"FRIDAY";710;4;4;5
"99312V930442";2;"MONDAY";340;4;4;1
"99312V930442";2;"SATURDAY";518;5;5;6
"99312V930442";2;"SUNDAY";283;4;4;7
"99312V930442";2;"THURSDAY";512;4;4;4
"99312V930442";2;"TUESDAY";390;4;4;2
"99312V930442";2;"WEDNESDAY";454;4;4;3
"99312V930442";3;"FRIDAY";366;4;4;5
"99312V930442";3;"MONDAY";196;5;5;1
"99312V930442";3;"SATURDAY";238;4;4;6
"99312V930442";3;"SUNDAY";174;5;5;7
"99312V930442";3;"THURSDAY";298;4;4;4
"99312V930442";3;"TUESDAY";181;5;5;2
"99312V930442";3;"WEDNESDAY";225;4;4;3
"99312V930442";4;"FRIDAY";24;4;4;5
"99312V930442";4;"MONDAY";28;4;4;1
"99312V930442";4;"SATURDAY";21;3;4;6
"99312V930442";4;"SUNDAY";18;4;4;7
"99312V930442";4;"THURSDAY";31;5;5;4
"99312V930442";4;"TUESDAY";34;3;4;2
"99312V930442";4;"WEDNESDAY";32;4;5;3
"99312V930442";5;"FRIDAY";41;5;5;5
"99312V930442";5;"MONDAY";40;4;4;1
"99312V930442";5;"SATURDAY";24;5;5;6
"99312V930442";5;"SUNDAY";28;5;5;7
"99312V930442";5;"THURSDAY";41;4;4;4
"99312V930442";5;"TUESDAY";38;3;4;2
"99312V930442";5;"WEDNESDAY";45;4;4;3
"99312V930442";6;"FRIDAY";634;4;4;5
"99312V930442";6;"MONDAY";522;5;5;1
"99312V930442";6;"SATURDAY";466;4;4;6
"99312V930442";6;"SUNDAY";275;4;4;7
"99312V930442";6;"THURSDAY";482;4;4;4
"99312V930442";6;"TUESDAY";485;5;5;2
"99312V930442";6;"WEDNESDAY";317;3;4;3
"99312V930442";7;"FRIDAY";1243;5;5;5
"99312V930442";7;"MONDAY";1001;4;4;1
"99312V930442";7;"SATURDAY";1049;4;4;6
"99312V930442";7;"SUNDAY";680;4;4;7
"99312V930442";7;"THURSDAY";1049;5;5;4
"99312V930442";7;"TUESDAY";988;4;4;2
"99312V930442";7;"WEDNESDAY";988;5;5;3
"99312V930442";8;"FRIDAY";858;4;4;5
"99312V930442";8;"MONDAY";540;5;5;1
"99312V930442";8;"SATURDAY";659;5;5;6
"99312V930442";8;"SUNDAY";478;5;5;7
"99312V930442";8;"THURSDAY";695;4;4;4
"99312V930442";8;"TUESDAY";586;4;4;2
"99312V930442";8;"WEDNESDAY";657;4;4;3
"99312V930442";9;"FRIDAY";526;4;4;5
"99312V930442";9;"MONDAY";288;4;4;1
"99312V930442";9;"SATURDAY";531;4;4;6
"99312V930442";9;"SUNDAY";285;4;4;7
"99312V930442";9;"THURSDAY";389;4;4;4
"99312V930442";9;"TUESDAY";293;5;5;2
"99312V930442";9;"WEDNESDAY";315;5;5;3
"99312V930442";10;"FRIDAY";363;5;5;5
"99312V930442";10;"MONDAY";143;4;4;1
"99312V930442";10;"SATURDAY";205;5;5;6
"99312V930442";10;"SUNDAY";97;4;4;7
"99312V930442";10;"THURSDAY";234;5;5;4
"99312V930442";10;"TUESDAY";162;4;4;2
"99312V930442";10;"WEDNESDAY";180;4;4;3
"99312V930442";11;"FRIDAY";217;4;4;5
"99312V930442";11;"MONDAY";132;5;5;1
"99312V930442";11;"SATURDAY";137;4;4;6
"99312V930442";11;"SUNDAY";76;5;5;7
"99312V930442";11;"THURSDAY";214;3;4;4
"99312V930442";11;"TUESDAY";100;4;4;2
"99312V930442";11;"WEDNESDAY";128;4;4;3
"99312V930442";12;"FRIDAY";443;4;4;5
"99312V930442";12;"MONDAY";96;4;4;1
"99312V930442";12;"SATURDAY";102;4;4;6
"99312V930442";12;"SUNDAY";53;4;4;7
"99312V930442";12;"THURSDAY";239;5;5;4
"99312V930442";12;"TUESDAY";130;5;5;2
"99312V930442";12;"WEDNESDAY";159;5;5;3
"99923V578123";1;"FRIDAY";267;5;5;5
"99923V578123";1;"MONDAY";136;4;4;1
"99923V578123";1;"SATURDAY";237;4;4;6
"99923V578123";1;"SUNDAY";182;4;4;7
"99923V578123";1;"THURSDAY";167;5;5;4
"99923V578123";1;"TUESDAY";136;4;4;2
"99923V578123";1;"WEDNESDAY";143;5;5;3
"99923V578123";2;"FRIDAY";342;4;4;5
"99923V578123";2;"MONDAY";158;4;4;1
"99923V578123";2;"SATURDAY";302;5;5;6
"99923V578123";2;"SUNDAY";240;4;4;7
"99923V578123";2;"THURSDAY";230;4;4;4
"99923V578123";2;"TUESDAY";170;4;4;2
"99923V578123";2;"WEDNESDAY";196;4;4;3
"99923V578123";3;"FRIDAY";190;4;4;5
"99923V578123";3;"MONDAY";119;5;5;1
"99923V578123";3;"SATURDAY";138;4;4;6
"99923V578123";3;"SUNDAY";126;5;5;7
"99923V578123";3;"THURSDAY";147;4;4;4
"99923V578123";3;"TUESDAY";96;5;5;2
"99923V578123";3;"WEDNESDAY";110;4;4;3
"99923V578123";4;"FRIDAY";46;4;4;5
"99923V578123";4;"MONDAY";49;4;4;1
"99923V578123";4;"SATURDAY";35;4;4;6
"99923V578123";4;"SUNDAY";26;4;4;7
"99923V578123";4;"THURSDAY";59;5;5;4
"99923V578123";4;"TUESDAY";54;4;4;2
"99923V578123";4;"WEDNESDAY";54;4;5;3
"99923V578123";5;"FRIDAY";76;5;5;5
"99923V578123";5;"MONDAY";79;4;4;1
"99923V578123";5;"SATURDAY";45;5;5;6
"99923V578123";5;"SUNDAY";34;5;5;7
"99923V578123";5;"THURSDAY";73;4;4;4
"99923V578123";5;"TUESDAY";70;4;4;2
"99923V578123";5;"WEDNESDAY";80;4;4;3
"99923V578123";6;"FRIDAY";86;4;4;5
"99923V578123";6;"MONDAY";81;5;5;1
"99923V578123";6;"SATURDAY";56;4;4;6
"99923V578123";6;"SUNDAY";64;4;4;7
"99923V578123";6;"THURSDAY";85;4;4;4
"99923V578123";6;"TUESDAY";77;5;5;2
"99923V578123";6;"WEDNESDAY";88;4;4;3
"99923V578123";7;"FRIDAY";96;5;5;5
"99923V578123";7;"MONDAY";97;4;4;1
"99923V578123";7;"SATURDAY";71;4;4;6
"99923V578123";7;"SUNDAY";58;4;4;7
"99923V578123";7;"THURSDAY";101;5;5;4
"99923V578123";7;"TUESDAY";89;4;4;2
"99923V578123";7;"WEDNESDAY";100;5;5;3
"99923V578123";8;"FRIDAY";118;4;4;5
"99923V578123";8;"MONDAY";101;5;5;1
"99923V578123";8;"SATURDAY";77;5;5;6
"99923V578123";8;"SUNDAY";68;5;5;7
"99923V578123";8;"THURSDAY";98;4;4;4
"99923V578123";8;"TUESDAY";88;4;4;2
"99923V578123";8;"WEDNESDAY";94;4;4;3
"99923V578123";9;"FRIDAY";206;4;4;5
"99923V578123";9;"MONDAY";128;4;4;1
"99923V578123";9;"SATURDAY";122;4;4;6
"99923V578123";9;"SUNDAY";103;4;4;7
"99923V578123";9;"THURSDAY";165;4;4;4
"99923V578123";9;"TUESDAY";117;5;5;2
"99923V578123";9;"WEDNESDAY";137;5;5;3
"99923V578123";10;"FRIDAY";93;5;5;5
"99923V578123";10;"MONDAY";92;4;4;1
"99923V578123";10;"SATURDAY";71;5;5;6
"99923V578123";10;"SUNDAY";60;4;4;7
"99923V578123";10;"THURSDAY";91;5;5;4
"99923V578123";10;"TUESDAY";76;4;4;2
"99923V578123";10;"WEDNESDAY";95;4;4;3
"99923V578123";11;"FRIDAY";71;4;4;5
"99923V578123";11;"MONDAY";70;5;5;1
"99923V578123";11;"SATURDAY";48;4;4;6
"99923V578123";11;"SUNDAY";40;5;5;7
"99923V578123";11;"THURSDAY";72;4;4;4
"99923V578123";11;"TUESDAY";62;4;4;2
"99923V578123";11;"WEDNESDAY";62;4;4;3
"99923V578123";12;"FRIDAY";63;4;4;5
"99923V578123";12;"MONDAY";74;4;4;1
"99923V578123";12;"SATURDAY";44;4;4;6
"99923V578123";12;"SUNDAY";46;4;4;7
"99923V578123";12;"THURSDAY";54;5;5;4
"99923V578123";12;"TUESDAY";62;5;5;2
"99923V578123";12;"WEDNESDAY";60;5;5;3
